token,qid
M006954E6FB8A,Q9489
M0079B9C58B4A,Q9844
M01668D456662,Q9749
M0168122CCF28,Q9611
M025D735399B0,Q9529
M03D3A8FE9801,Q9858
M03F22C05D393,Q9578
M045B5E04C74F,Q9559
M04A60EB1817A,Q9667
M04B443E86135,Q9813
M04E1123852A5,Q9802
M0542B06B1CEE,Q9856
M054C43F8975E,Q9790
M056285FDAC66,Q9842
M058386172740,Q9506
M079DCA3DA44E,Q9894
M08094C126DA2,Q9692
M08DFBD149A14,Q9829
M08FA72F406E8,Q9799
M0930A73EF187,Q9479
M0979A1096E7F,Q9495
M09A1CB58F1D9,Q9591
M0AD97FAE6D41,Q9843
M0B08B1DDBC8F,Q9634
M0C272D295F96,Q9540
M0C8C4BC58EEC,Q9656
M0CCE30D17931,Q9891
M0DE0B07D638C,Q9880
M0EB1F95835CF,Q9831
M0FDADDD3FFB7,Q9501
M111EB8A4E776,Q9608
M14DDA1737F66,Q9572
M14E980CD7D22,Q9821
M15C121F046C0,Q9828
M1706E02A1C5A,Q9605
M17A21F42C363,Q9826
M186A4285906D,Q9507
M19383B969571,Q9703
M19ADEE40A614,Q9644
M1ADE0C64707A,Q9816
M1B471B4CF3FF,Q9804
M1B906AE43C59,Q9832
M1C166A770D4E,Q9823
M1C91CEE0FBC2,Q9716
M1D4915585ED6,Q9603
M1D99D274F706,Q9517
M1DE138A51DD2,Q9709
M1DEB7F5B12E8,Q9830
M1E4BB2F3D2CF,Q9732
M1EC535190483,Q9632
M1F0FB0111039,Q9720
M1FDAA0E8B721,Q9546
M205C9A51EFE0,Q9491
M215EE234290F,Q9641
M21B68DAA7169,Q9598
M2336C0DDB82E,Q9897
M2468D5AFB0F0,Q9550
M24BB5D8C24F3,Q9571
M25152C9C57B1,Q9542
M257EFF8BA48A,Q9566
M259BD4E00F7D,Q9497
M25BFB04146D5,Q9525
M2727A19285FE,Q9560
M2742D8E2DFB3,Q9614
M279A0FC3CC74,Q9798
M27D8E54A0783,Q9755
M283EFC71305D,Q9562
M287EF8083F8A,Q9593
M28FD11033316,Q9673
M2935C35E03D5,Q9867
M29CAFBF41365,Q9483
M2ACD945F1758,Q9729
M2AFB85085AAC,Q9626
M2B45648137F2,Q9541
M2B921CBAD61B,Q9865
M2B93612305CC,Q9808
M2D5B2F8C48E4,Q9768
M2D98C2422B10,Q9889
M2E784BFAC419,Q9589
M2EFC604BE0B7,Q9576
M2EFD1A1D4A66,Q9645
M2F0A742171DB,Q9850
M2F3668A04A48,Q9552
M2F4D35701AE9,Q9714
M2F9283766F7E,Q9735
M3207D8A263B1,Q9847
M320C3BD268E7,Q9482
M335C21B196BC,Q9797
M33839E70EC60,Q9664
M33B35B9CE404,Q9485
M35763BA57D2F,Q9787
M35DC9CC8463D,Q9785
M360491771DBC,Q9873
M361C56E49672,Q9480
M36E38150764A,Q9635
M3780FCA63209,Q9809
M3807ADBD854D,Q9726
M38BB3B7297DC,Q9579
M3958217F3E1A,Q9522
M3983CFA2CA4F,Q9516
M39BA35590EA9,Q9606
M39F8D4792BDE,Q9617
M3AD74B61822D,Q9646
M3B10548199C3,Q9890
M3B732CC8E298,Q9629
M3CF5F4982CE7,Q9492
M3D1C45FD9336,Q9548
M3EA6B4B8C52C,Q9486
M3EF901CC6348,Q9505
M3F61FBD4FCD7,Q9860
M3F8507B6AE4E,Q9553
M3F9F283D4EA1,Q9675
M3FACD4B713CD,Q9556
M3FD2638427C2,Q9697
M4070DEC94AA8,Q9699
M40C30951E4BD,Q9660
M424CA1124F48,Q9848
M427A08186C32,Q9756
M42B32CE68871,Q9772
M42EFEA3F6D51,Q9487
M4302EC4A9E52,Q9754
M434100269031,Q9839
M45350A809092,Q9518
M45DC91765DC5,Q9871
M46322A58DF26,Q9789
M46741CAD7A7E,Q9736
M46B7BDA6DF30,Q9691
M473D04C524A1,Q9601
M47BA5C6C9EA5,Q9512
M47CC04C83793,Q9696
M494C9F70DDEA,Q9767
M49A25285114C,Q9698
M4AC2DA001D4D,Q9510
M4C69EDADAB64,Q9721
M4C8FAF5E43E3,Q9663
M4D86BFD76B66,Q9627
M4DA3274191AA,Q9884
M4F07FF8C5FCC,Q9503
M4F66116B58EA,Q9636
M4FAF370B16E9,Q9488
M4FC9BECCA0E7,Q9863
M50B0D06A94F4,Q9852
M52612DAFD302,Q9796
M528F992B0116,Q9586
M52E6F475E275,Q9805
M533D84DAF76B,Q9682
M53F6A7B37483,Q9535
M541EC919B804,Q9648
M56744D13E546,Q9615
M56C55A2699D0,Q9751
M572D74D6EC25,Q9649
M57DEA13071BE,Q9683
M58E01832A13B,Q9478
M5A9705889162,Q9527
M5B36338C9731,Q9509
M5C2CF35ECC01,Q9882
M5D03C7C49CC3,Q9539
M5E23A6B47192,Q9613
M60DFDDACC1F6,Q9795
M6100C44A0449,Q9827
M612CCE7AFB2F,Q9651
M61A99D6271B1,Q9690
M620E0E3F9F53,Q9638
M63C3C2F2233D,Q9547
M64C183D77550,Q9814
M64F3CA948EE4,Q9728
M651CA3E0754C,Q9881
M65C3D6296867,Q9778
M65C5EE222227,Q9681
M66EB0754257F,Q9764
M670239721699,Q9545
M670C47C8F435,Q9708
M67A7BFE490DD,Q9513
M69A6E13C3B3A,Q9670
M6A8BCFEEEFAD,Q9631
M6C0422F878EB,Q9536
M6D7684393353,Q9901
M6DDA0D5B6399,Q9893
M6EA955DBDBA0,Q9672
M6F22852D8338,Q9671
M6F45B25C77D0,Q9622
M6F7C1F6F6257,Q9564
M708A99B8BAF1,Q9801
M727F3243B938,Q9870
M730F55D9E5D7,Q9833
M74098C6AFDD1,Q9561
M741AB71F300B,Q9753
M741BEBE61694,Q9727
M76540553E180,Q9685
M7664105CF3E9,Q9859
M77154F89FB06,Q9521
M77218BB121F2,Q9476
M7924E9E8DD4D,Q9530
M7B2483D5F324,Q9493
M7B7496A2E3B1,Q9688
M7BF85C7FA16D,Q9653
M7C5C947DE5EF,Q9835
M7D65A6F38A31,Q9528
M7D7507BF2C07,Q9750
M7E260DB6A68A,Q9650
M7E2C9995043E,Q9846
M7E9E40CF98E7,Q9590
M7EA8C40398C5,Q9481
M7EAB65057047,Q9693
M7F882BCF9125,Q9900
M7FB1CC08C0F2,Q9604
M80D3493DB686,Q9840
M8152E66CBBA4,Q9879
M823F91510D91,Q9582
M8246A0248635,Q9568
M828A145CC4F1,Q9866
M829403347847,Q9625
M82C6C4A53D05,Q9695
M839F700717A3,Q9765
M8531DF0D051F,Q9599
M855B4E455EF4,Q9769
M864F48E01C4A,Q9705
M880B114A1095,Q9624
M89254B043F9A,Q9748
M897760856579,Q9549
M898077553723,Q9508
M8A59B1F696B4,Q9594
M8B4DEC372BF8,Q9677
M8B916FF79C09,Q9473
M8C292DBAC23E,Q9820
M8C48CD35A2E7,Q9702
M8D0C17380533,Q9762
M8D85CBAF4D3C,Q9499
M8E064428FC20,Q9581
M8EC968B00022,Q9770
M8F00BE855D28,Q9834
M9057D3AE3E49,Q9742
M909E5EAA084A,Q9543
M920C6382818D,Q9777
M93307E3AC985,Q9775
M933DFDC612E0,Q9583
M942D5F42A2C2,Q9864
M95C0E5B82B90,Q9687
M9659BE6BAA3B,Q9877
M96816BBE3D5B,Q9668
M96FA5ADF01ED,Q9774
M96FD83085B5A,Q9519
M97F3726C5579,Q9574
M9812CC137C19,Q9580
M9817C269C90B,Q9725
M984DC1EF9C41,Q9773
M9980C2D955AA,Q9838
M9AAE145AA956,Q9896
M9BADC4162920,Q9888
M9BD049A267AB,Q9612
M9C685C5DC4EE,Q9577
M9C97F7907AD2,Q9700
M9D6CE18A6C6D,Q9490
M9DA08A9163AA,Q9707
M9E96EDB576C3,Q9868
M9F35DCFBB76A,Q9746
M9F710516810E,Q9515
M9FEB9E120106,Q9680
MA021DD4CD32F,Q9815
MA07A20072154,Q9558
MA0F178ABD5F7,Q9662
MA0F8967932F0,Q9719
MA168D1DEE4CB,Q9661
MA29E50BA2883,Q9665
MA2FC300A20C0,Q9701
MA34077C8F12F,Q9724
MA3D47B7BDB10,Q9853
MA400816DAED2,Q9752
MA4375A57E701,Q9854
MA4844BB1A913,Q9872
MA4E8C6AF981A,Q9520
MA4F84BE0E683,Q9706
MA52932BF9DC2,Q9630
MA57E29DC0D87,Q9793
MA68075527F96,Q9633
MA6EB09DE1939,Q9475
MA7840891926F,Q9637
MA7A5B2AD10A0,Q9737
MA85C4D7B6D4F,Q9565
MA949E20AE0A8,Q9857
MA96D7B34998D,Q9763
MAA560D7F54E1,Q9686
MAABA9C4DFE13,Q9504
MABAF08F91C14,Q9623
MACAE000E16E0,Q9600
MAE386FFD47F2,Q9618
MAE95172D19AB,Q9776
MAF58E5708D18,Q9825
MB06FEC9B1730,Q9642
MB0B1ADC210BA,Q9704
MB197F108636B,Q9654
MB24D2E89EA82,Q9788
MB3164DF192B2,Q9710
MB3C71DD0894A,Q9610
MB4FD50CE2DB3,Q9780
MB542008C2A1B,Q9639
MB545AC5E4527,Q9822
MB5B9B89D4600,Q9567
MB6C6F6785D08,Q9526
MB7F3E46218F9,Q9570
MB86F04CD44A1,Q9658
MB92C337C1C9E,Q9898
MBAD86CB85EC0,Q9855
MBAF4E50BD8BC,Q9659
MBB8EBBFC5356,Q9845
MBBBBBC0C87E9,Q9643
MBBF9AB2A414A,Q9616
MBC365186A93A,Q9739
MBC876B6B1BEB,Q9876
MBD11B8A94684,Q9761
MBD23ABD3AD4D,Q9544
MBD27036057B3,Q9713
MBDE82E8234F2,Q9766
MBED599E542E9,Q9563
MC04B2039F5D3,Q9557
MC0C02E0427E2,Q9779
MC15434E86D1A,Q9745
MC1FA5F58CA15,Q9532
MC251DF7659ED,Q9602
MC2A30C1884EC,Q9684
MC349A38E1647,Q9786
MC37C5549199C,Q9500
MC3953A8CF069,Q9585
MC3A02DB5290B,Q9679
MC42E98786E1B,Q9791
MC4442EB40947,Q9514
MC53E256EA4F2,Q9596
MC608E2BE01C7,Q9818
MC6D1CAFC3869,Q9733
MC7AAC3391A15,Q9619
MC7C18EFDBF19,Q9895
MC7C3D15EA5F3,Q9669
MC7D07D3E14E3,Q9620
MC8254369AC8F,Q9874
MC8592FBE4330,Q9484
MC8AD6EEF5C11,Q9569
MC8B4F7A065AA,Q9771
MC8DA734ED307,Q9810
MCA33AEF3ED71,Q9803
MCAD05845A796,Q9869
MCB6E55B918BC,Q9722
MCC8B0BB7E86C,Q9731
MCC9B8D526F37,Q9712
MCCCB790C404A,Q9817
MCCEDFF7FEC71,Q9533
MD175CBF19AE9,Q9607
MD1ED31C21795,Q9689
MD30907322DA2,Q9573
MD319F96416AE,Q9875
MD37F7E881DD9,Q9741
MD385414B110C,Q9740
MD5185D7DECDC,Q9551
MD5382AB5E114,Q9655
MD57B01C56915,Q9652
MD6117430931E,Q9524
MD87896E4732A,Q9592
MD90E5E8C0254,Q9807
MDA480C3B5508,Q9883
MDAE6DE463CB5,Q9723
MDB43DF5123CB,Q9597
MDC5AD506C67E,Q9744
MDCBA5C92BDF5,Q9678
MDE3AAA608A99,Q9836
MDE96FB223445,Q9730
MDF2A29D65FF3,Q9494
MDF336D62FBFD,Q9609
MDF3664B829FF,Q9502
MDF857B83AC9A,Q9758
MDF9CD4C5C409,Q9588
ME0C02B930E6E,Q9759
ME1540432DF47,Q9647
ME265FC83613A,Q9715
ME2779AEECE80,Q9851
ME278738093E9,Q9584
ME2F0ACEABA7A,Q9811
ME324CF7479D6,Q9760
ME337E4443ED4,Q9523
ME375EE6B3DEF,Q9794
ME42DC452D74D,Q9886
ME5D0FB9E274F,Q9734
ME61731829B9C,Q9595
ME63B063F15D5,Q9792
ME71D0DF62A3A,Q9819
ME7FD15F907FA,Q9496
ME8731DAA4AAD,Q9812
ME916EFF4DDDD,Q9555
ME920ABCBEB96,Q9899
ME9FC5EBBFEC5,Q9477
MEA08D8FBC5EE,Q9782
MEB4DB55FACDF,Q9538
MEBC57259C38C,Q9757
MECD6A5282695,Q9676
MECF99DE26C46,Q9531
MECFA1A0C12D4,Q9784
MED7D1A054305,Q9621
MED8430B31CF9,Q9717
MEE2C9DB2F2A2,Q9711
MEE4B88523578,Q9861
MEEDBBF2AA054,Q9738
MEF078D7C8CDB,Q9783
MEFA680C10FEB,Q9841
MF19FA89660AB,Q9837
MF22E0D98D06A,Q9806
MF2D911BA09CE,Q9628
MF463E431D8A7,Q9575
MF46F9B3D6883,Q9800
MF49FC1897EEA,Q9511
MF4A5AFD444FC,Q9537
MF524C339FBD8,Q9718
MF60E4C598A2C,Q9885
MF76DE5D8070D,Q9474
MF7D8A83CABEC,Q9892
MF94F170ED83C,Q9666
MFA0A8177FAE6,Q9587
MFA180D35D51A,Q9747
MFA45D863BAD3,Q9824
MFABE929146B2,Q9743
MFB2EEDB6F61B,Q9849
MFB30DC97DFBA,Q9862
MFBFF5DA93EC6,Q9534
MFC5EFA131B34,Q9640
MFCE6F8799E1E,Q9878
MFD05D26FB63A,Q9694
MFD3FBF512742,Q9498
MFE0478464624,Q9657
MFE86DF7210A0,Q9674
MFF2C9DDA4308,Q9781
MFFD01430CCFF,Q9554
