page,section,parent,item,abstract_path,title_item,name_slot,label_en,label_fr,en,fr,ml,pa,hi,pt,es,it
3d,3d,Q3636,Q9446,Q315/Q3636/Q9446/index.html,Q5764,,Project 3D,Projet 3D,en/research/3d.html,fr/recherche/3D.html,ml/ഗവേഷണം/3ഡി.html,pa/ਖੋਜ/3ਡੀ.html,hi/अनुसंधान/3डी.html,pt/pesquisa/3d.html,es/investigación/3d.html,it/ricerca/3d.html
3d-acknowledgements,3d,3d,Q9447,Q315/Q3636/Q9446/Q9447.html,Q5764,,Project 3D: Acknowledgements,Projet 3D : Remerciements,en/research/3d/acknowledgements.html,fr/recherche/3d/remerciements.html,ml/ഗവേഷണം/3ഡി/നന്ദി.html,pa/ਖੋਜ/3ਡੀ/ਧੰਨਵਾਦ.html,hi/अनुसंधान/3डी/आभार.html,pt/pesquisa/3d/agradecimentos.html,es/investigación/3d/agradecimientos.html,it/ricerca/3d/ringraziamenti.html
3d-artifacts,3d,3d,Q9448,Q315/Q3636/Q9446/Q9448.html,Q5764,,Project 3D: Human Artifacts,Projet 3D : Artefacts humains,en/research/3d/artifacts.html,fr/recherche/3d/artefacts.html,ml/ഗവേഷണം/3ഡി/പുരാവസ്തുക്കൾ.html,pa/ਖੋਜ/3ਡੀ/ਕਲਾਕ੍ਰਿਤੀਆਂ.html,hi/अनुसंधान/3डी/कलाकृतियाँ.html,pt/pesquisa/3d/artefatos.html,es/investigación/3d/artefactos.html,it/ricerca/3d/artefatti.html
3d-log,3d,3d-artifacts,Q9449,Q315/Q3636/Q9446/Q9448/Q9449.html,Q5764,span|||0,Project 3D: Log model,Projet 3D : Modèle de bûche,en/research/3d/artifacts/log.html,fr/recherche/3d/artefacts/bûche.html,ml/ഗവേഷണം/3ഡി/പുരാവസ്തുക്കൾ/തടി.html,pa/ਖੋਜ/3ਡੀ/ਕਲਾਕ੍ਰਿਤੀਆਂ/ਲੱਕੜ-ਦਾ-ਮੁੱਢ.html,hi/अनुसंधान/3डी/कलाकृतियाँ/लकड़ी-का-लट्ठा.html,pt/pesquisa/3d/artefatos/tronco.html,es/investigación/3d/artefactos/tronco.html,it/ricerca/3d/artefatti/tronco.html
3d-stairs,3d,3d-artifacts,Q9450,Q315/Q3636/Q9446/Q9448/Q9450.html,Q5764,span|||0,Project 3D: Stairs model,Projet 3D : Modèle d’escaliers,en/research/3d/artifacts/stairs.html,fr/recherche/3d/artefacts/escaliers.html,ml/ഗവേഷണം/3ഡി/പുരാവസ്തുക്കൾ/പടികൾ.html,pa/ਖੋਜ/3ਡੀ/ਕਲਾਕ੍ਰਿਤੀਆਂ/ਪੌੜੀਆਂ.html,hi/अनुसंधान/3डी/कलाकृतियाँ/सीढ़ियाँ.html,pt/pesquisa/3d/artefatos/escadas.html,es/investigación/3d/artefactos/escaleras.html,it/ricerca/3d/artefatti/scale.html
3d-conclusion,3d,3d,Q9451,Q315/Q3636/Q9446/Q9451.html,Q5764,,Project 3D: Conclusion,Projet 3D : Conclusion,en/research/3d/conclusion.html,fr/recherche/3d/conclusion.html,ml/ഗവേഷണം/3ഡി/ഉപസംഹാരം.html,pa/ਖੋਜ/3ਡੀ/ਸਿੱਟਾ.html,hi/अनुसंधान/3डी/निष्कर्ष.html,pt/pesquisa/3d/conclusão.html,es/investigación/3d/conclusión.html,it/ricerca/3d/conclusione.html
3d-cone,3d,3d,Q9452,Q315/Q3636/Q9446/Q9452.html,Q5764,span|||0,Project 3D: Cone model,Projet 3D : Modèle de cône,en/research/3d/cone.html,fr/recherche/3d/cône.html,ml/ഗവേഷണം/3ഡി/കോൺ.html,pa/ਖੋਜ/3ਡੀ/ਸ਼ੰਕੂ.html,hi/अनुसंधान/3डी/शंकु.html,pt/pesquisa/3d/cone.html,es/investigación/3d/cono.html,it/ricerca/3d/cono.html
3d-cube,3d,3d,Q9453,Q315/Q3636/Q9446/Q9453.html,Q5764,span|||0,Project 3D: Cube model,Projet 3D : Modèle de cube,en/research/3d/cube.html,fr/recherche/3d/cube.html,ml/ഗവേഷണം/3ഡി/ക്യൂബ്.html,pa/ਖੋਜ/3ਡੀ/ਘਣ.html,hi/अनुसंधान/3डी/घन.html,pt/pesquisa/3d/cubo.html,es/investigación/3d/cubo.html,it/ricerca/3d/cubo.html
3d-cylinder,3d,3d,Q9454,Q315/Q3636/Q9446/Q9454.html,Q5764,span|||0,Project 3D: Cylinder model,Projet 3D : Modèle de cylindre,en/research/3d/cylinder.html,fr/recherche/3d/cylindre.html,ml/ഗവേഷണം/3ഡി/സിലിണ്ടർ.html,pa/ਖੋਜ/3ਡੀ/ਸਿਲੰਡਰ.html,hi/अनुसंधान/3डी/बेलन.html,pt/pesquisa/3d/cilindro.html,es/investigación/3d/cilindro.html,it/ricerca/3d/cilindro.html
3d-dedication,3d,3d,Q9455,Q315/Q3636/Q9446/Q9455.html,Q5764,,Project 3D: Dedication,Projet 3D : Dédicace,en/research/3d/dedication.html,fr/recherche/3d/dédicace.html,ml/ഗവേഷണം/3ഡി/സമർപ്പണം.html,pa/ਖੋਜ/3ਡੀ/ਸਮਰਪਣ.html,hi/अनुसंधान/3डी/समर्पण.html,pt/pesquisa/3d/dedicatória.html,es/investigación/3d/dedicatoria.html,it/ricerca/3d/dedica.html
3d-fundamental-shapes,3d,3d,Q9456,Q315/Q3636/Q9446/Q9456.html,Q5764,,Project 3D: Fundamental Shapes,Projet 3D : Formes fondamentales,en/research/3d/fundamental-shapes.html,fr/recherche/3d/formes fondamentales.html,ml/ഗവേഷണം/3ഡി/അടിസ്ഥാന-രൂപങ്ങൾ.html,pa/ਖੋਜ/3ਡੀ/ਬੁਨਿਆਦੀ-ਆਕਾਰ.html,hi/अनुसंधान/3डी/मूलभूत-आकृतियाँ.html,pt/pesquisa/3d/formas-fundamentais.html,es/investigación/3d/formas-fundamentales.html,it/ricerca/3d/forme-fondamentali.html
3d-introduction,3d,3d,Q9457,Q315/Q3636/Q9446/Q9457.html,Q5764,,Project 3D: Introduction,Projet 3D : Introduction,en/research/3d/introduction.html,fr/recherche/3d/introduction.html,ml/ഗവേഷണം/3ഡി/ആമുഖം.html,pa/ਖੋਜ/3ਡੀ/ਜਾਣ-ਪਛਾਣ.html,hi/अनुसंधान/3डी/परिचय.html,pt/pesquisa/3d/introdução.html,es/investigación/3d/introducción.html,it/ricerca/3d/introduzione.html
3d-low-poly-house,3d,3d,Q9458,Q315/Q3636/Q9446/Q9458.html,Q5764,span|||0,Project 3D: Low-poly house model,Projet 3D : Modèle de maison low-poly,en/research/3d/low-poly-house.html,fr/recherche/3d/maison-low-poly.html,ml/ഗവേഷണം/3ഡി/ലോ-പോളി-വീട്.html,pa/ਖੋਜ/3ਡੀ/ਲੋ-ਪੌਲੀ-ਘਰ.html,hi/अनुसंधान/3डी/लो-पॉली-घर.html,pt/pesquisa/3d/casa-low-poly.html,es/investigación/3d/casa-low-poly.html,it/ricerca/3d/casa-low-poly.html
3d-low-poly-tree,3d,3d,Q9459,Q315/Q3636/Q9446/Q9459.html,Q5764,span|||0,Project 3D: Low-poly tree model,Projet 3D : Modèle d’arbre low-poly,en/research/3d/low-poly-tree.html,fr/recherche/3d/arbre-low-poly.html,ml/ഗവേഷണം/3ഡി/ലോ-പോളി-മരം.html,pa/ਖੋਜ/3ਡੀ/ਲੋ-ਪੌਲੀ-ਰੁੱਖ.html,hi/अनुसंधान/3डी/लो-पॉली-पेड़.html,pt/pesquisa/3d/árvore-low-poly.html,es/investigación/3d/árbol-low-poly.html,it/ricerca/3d/albero-low-poly.html
3d-motivation,3d,3d,Q9460,Q315/Q3636/Q9446/Q9460.html,Q5764,,Project 3D: Motivation,Projet 3D : Motivation,en/research/3d/motivation.html,fr/recherche/3d/motivation.html,ml/ഗവേഷണം/3ഡി/പ്രചോദനം.html,pa/ਖੋਜ/3ਡੀ/ਪ੍ਰੇਰਣਾ.html,hi/अनुसंधान/3डी/प्रेरणा.html,pt/pesquisa/3d/motivação.html,es/investigación/3d/motivación.html,it/ricerca/3d/motivazione.html
3d-nature,3d,3d,Q9461,Q315/Q3636/Q9446/Q9461.html,Q5764,,Project 3D: Nature,Projet 3D : Nature,en/research/3d/nature.html,fr/recherche/3d/nature.html,ml/ഗവേഷണം/3ഡി/പ്രകൃതി.html,pa/ਖੋਜ/3ਡੀ/ਕੁਦਰਤ.html,hi/अनुसंधान/3डी/प्रकृति.html,pt/pesquisa/3d/natureza.html,es/investigación/3d/naturaleza.html,it/ricerca/3d/natura.html
3d-cloud,3d,3d-nature,Q9462,Q315/Q3636/Q9446/Q9461/Q9462.html,Q5764,span|||0,Project 3D: Cloud model,Projet 3D : Modèle de nuage,en/research/3d/nature/cloud.html,fr/recherche/3d/nature/nuage.html,ml/ഗവേഷണം/3ഡി/പ്രകൃതി/മേഘം.html,pa/ਖੋਜ/3ਡੀ/ਕੁਦਰਤ/ਬੱਦਲ.html,hi/अनुसंधान/3डी/प्रकृति/बादल.html,pt/pesquisa/3d/natureza/nuvem.html,es/investigación/3d/naturaleza/nube.html,it/ricerca/3d/natura/nuvola.html
3d-egg,3d,3d-nature,Q9463,Q315/Q3636/Q9446/Q9461/Q9463.html,Q5764,span|||0,Project 3D: Egg model,Projet 3D : Modèle d’œuf,en/research/3d/nature/egg.html,fr/recherche/3d/nature/œuf.html,ml/ഗവേഷണം/3ഡി/പ്രകൃതി/മുട്ട.html,pa/ਖੋਜ/3ਡੀ/ਕੁਦਰਤ/ਆਂਡਾ.html,hi/अनुसंधान/3डी/प्रकृति/अंडा.html,pt/pesquisa/3d/natureza/ovo.html,es/investigación/3d/naturaleza/huevo.html,it/ricerca/3d/natura/uovo.html
3d-mountains,3d,3d-nature,Q9464,Q315/Q3636/Q9446/Q9461/Q9464.html,Q5764,span|||0,Project 3D: Mountains model,Projet 3D : Modèle de montagnes,en/research/3d/nature/mountains.html,fr/recherche/3d/nature/montagnes.html,ml/ഗവേഷണം/3ഡി/പ്രകൃതി/പർവതങ്ങൾ.html,pa/ਖੋਜ/3ਡੀ/ਕੁਦਰਤ/ਪਹਾੜ.html,hi/अनुसंधान/3डी/प्रकृति/पहाड़.html,pt/pesquisa/3d/natureza/montanhas.html,es/investigación/3d/naturaleza/montañas.html,it/ricerca/3d/natura/montagne.html
3d-sanddunes,3d,3d-nature,Q9465,Q315/Q3636/Q9446/Q9461/Q9465.html,Q5764,span|||0,Project 3D: Sand dunes model,Projet 3D : Modèle de dunes de sable,en/research/3d/nature/sanddunes.html,fr/recherche/3d/nature/dunessable.html,ml/ഗവേഷണം/3ഡി/പ്രകൃതി/മണൽക്കൂനകൾ.html,pa/ਖੋਜ/3ਡੀ/ਕੁਦਰਤ/ਰੇਤ-ਦੇ-ਟਿੱਬੇ.html,hi/अनुसंधान/3डी/प्रकृति/रेत-के-टीले.html,pt/pesquisa/3d/natureza/dunas-de-areia.html,es/investigación/3d/naturaleza/dunas-de-arena.html,it/ricerca/3d/natura/dune-di-sabbia.html
3d-plane,3d,3d,Q9466,Q315/Q3636/Q9446/Q9466.html,Q5764,span|||0,Project 3D: Plane model,Projet 3D : Modèle de plan,en/research/3d/plane.html,fr/recherche/3d/plan.html,ml/ഗവേഷണം/3ഡി/തലം.html,pa/ਖੋਜ/3ਡੀ/ਸਮਤਲ.html,hi/अनुसंधान/3डी/समतल.html,pt/pesquisa/3d/plano.html,es/investigación/3d/plano.html,it/ricerca/3d/piano.html
3d-podium,3d,3d,Q9467,Q315/Q3636/Q9446/Q9467.html,Q5764,span|||0,Project 3D: Podium model,Projet 3D : Modèle de podium,en/research/3d/podium.html,fr/recherche/3d/podium.html,ml/ഗവേഷണം/3ഡി/പോഡിയം.html,pa/ਖੋਜ/3ਡੀ/ਮੰਚ.html,hi/अनुसंधान/3डी/मंच.html,pt/pesquisa/3d/pódio.html,es/investigación/3d/podio.html,it/ricerca/3d/podio.html
3d-prism,3d,3d,Q9468,Q315/Q3636/Q9446/Q9468.html,Q5764,span|||0,Project 3D: Prism model,Projet 3D : Modèle de prisme,en/research/3d/prism.html,fr/recherche/3d/prisme.html,ml/ഗവേഷണം/3ഡി/പ്രിസം.html,pa/ਖੋਜ/3ਡੀ/ਪ੍ਰਿਜ਼ਮ.html,hi/अनुसंधान/3डी/प्रिज्म.html,pt/pesquisa/3d/prisma.html,es/investigación/3d/prisma.html,it/ricerca/3d/prisma.html
3d-references,3d,3d,Q9469,Q315/Q3636/Q9446/Q9469.html,Q5764,,Project 3D: References,Projet 3D : Références,en/research/3d/references.html,fr/recherche/3d/références.html,ml/ഗവേഷണം/3ഡി/അവലംബങ്ങൾ.html,pa/ਖੋਜ/3ਡੀ/ਹਵਾਲੇ.html,hi/अनुसंधान/3डी/संदर्भ.html,pt/pesquisa/3d/referências.html,es/investigación/3d/referencias.html,it/ricerca/3d/riferimenti.html
3d-software,3d,3d,Q9470,Q315/Q3636/Q9446/Q9470.html,Q5764,,Project 3D: Software,Projet 3D : Logiciel,en/research/3d/software.html,fr/recherche/3d/logiciel.html,ml/ഗവേഷണം/3ഡി/സോഫ്റ്റ്വെയർ.html,pa/ਖੋਜ/3ਡੀ/ਸਾਫ਼ਟਵੇਅਰ.html,hi/अनुसंधान/3डी/सॉफ़्टवेयर.html,pt/pesquisa/3d/software.html,es/investigación/3d/software.html,it/ricerca/3d/software.html
3d-sphere,3d,3d,Q9471,Q315/Q3636/Q9446/Q9471.html,Q5764,span|||0,Project 3D: Sphere model,Projet 3D : Modèle de sphère,en/research/3d/sphere.html,fr/recherche/3d/sphère.html,ml/ഗവേഷണം/3ഡി/ഗോളം.html,pa/ਖੋਜ/3ਡੀ/ਗੋਲਾ.html,hi/अनुसंधान/3डी/गोला.html,pt/pesquisa/3d/esfera.html,es/investigación/3d/esfera.html,it/ricerca/3d/sfera.html
3d-torus,3d,3d,Q9472,Q315/Q3636/Q9446/Q9472.html,Q5764,span|||0,Project 3D: Torus model,Projet 3D : Modèle de tore,en/research/3d/torus.html,fr/recherche/3d/tore.html,ml/ഗവേഷണം/3ഡി/ടോറസ്.html,pa/ਖੋਜ/3ਡੀ/ਟੋਰਸ.html,hi/अनुसंधान/3डी/टोरस.html,pt/pesquisa/3d/toro.html,es/investigación/3d/toro.html,it/ricerca/3d/toro.html
art,research,Q3636,Q9887,Q315/Q3636/Q9887.html,,,Research: Art,Recherche : Art,en/research/art.html,fr/recherche/art.html,ml/ഗവേഷണം/കല.html,pa/ਖੋਜ/ਕਲਾ.html,hi/अनुसंधान/कला.html,pt/pesquisa/arte.html,es/investigación/arte.html,it/ricerca/arte.html
