table,en,fr,ml,pa,hi,pt,es,it
alt,33 Mariacka Street in Katowice,33 rue Mariacka à Katowice,കാറ്റോവിസിലെ 33 മാരിയാക്ക തെരുവ്,ਕਾਤੋਵੀਤਸੇ ਵਿੱਚ 33 ਮਾਰੀਆਕਾ ਗਲੀ,कातोवित्से में 33 मारियाका स्ट्रीट,Rua Mariacka 33 em Katowice,Calle Mariacka 33 en Katowice,Via Mariacka 33 a Katowice
alt,7 Mariacka Street in Katowice,7 rue Mariacka à Katowice,കാറ്റോവിസിലെ 7 മാരിയാക്ക തെരുവ്,ਕਾਤੋਵੀਤਸੇ ਵਿੱਚ 7 ਮਾਰੀਆਕਾ ਗਲੀ,कातोवित्से में 7 मारियाका स्ट्रीट,Rua Mariacka 7 em Katowice,Calle Mariacka 7 en Katowice,Via Mariacka 7 a Katowice
alt,Agios Minas Cathedral Heraklion,"Cathédrale Agios Minas, Héraklion","ഏജിയോസ് മിനാസ് കത്തീഡ്രൽ, ഹെറാക്ലിയോൺ","ਏਜੀਓਸ ਮੀਨਾਸ ਕੈਥੇਡ੍ਰਲ, ਹੇਰਾਕਲਿਓਨ","एजियोस मिनास कैथेड्रल, हेराक्लिओन","Catedral de Agios Minas, Heraclião","Catedral de Agios Minas, Heraclión","Cattedrale di Agios Minas, Heraklion"
alt,Alhambra Granada,"Alhambra, Grenade","അൽഹാംബ്ര, ഗ്രനാഡ","ਅਲਹਾਮਬਰਾ, ਗ੍ਰਾਨਾਦਾ","अलहाम्ब्रा, ग्रानादा","Alhambra, Granada","Alhambra, Granada","Alhambra, Granada"
alt,Alhambra Palace Granada,"Palais de l'Alhambra, Grenade","അൽഹാംബ്ര കൊട്ടാരം, ഗ്രനാഡ","ਅਲਹਾਮਬਰਾ ਮਹਿਲ, ਗ੍ਰਾਨਾਦਾ","अलहाम्ब्रा महल, ग्रानादा","Palácio de Alhambra, Granada","Palacio de la Alhambra, Granada","Palazzo dell'Alhambra, Granada"
alt,"Alhambra, Generalife and Albayzín, Granada","Alhambra, Generalife et Albaicín, Grenade","അൽഹാംബ്ര, ജനറലിഫെ, അൽബായ്സിൻ, ഗ്രനാഡ","ਅਲਹਾਮਬਰਾ, ਜਨਰਾਲੀਫੇ ਅਤੇ ਅਲਬਾਇਸੀਨ, ਗ੍ਰਾਨਾਦਾ","अलहाम्ब्रा, जेनेरालिफ़े और अल्बाइसिन, ग्रानादा","Alhambra, Generalife e Albaicín, Granada","Alhambra, Generalife y Albaicín, Granada","Alhambra, Generalife e Albayzín, Granada"
alt,"Altar, Collégiale Saint-André (Grenoble)","Autel, Collégiale Saint-André (Grenoble)","അൾത്താര, സാൻ-ആന്ദ്രേ കൊളീജിയറ്റ് (ഗ്രെനോബ്ല്)","ਵੇਦੀ, ਸੈਂ-ਆਂਦ੍ਰੇ ਕਾਲਜੀਏਟ (ਗ੍ਰੇਨੋਬਲ)","वेदी, सैं-आंद्रे कॉलेजिएट (ग्रेनोबल)","Altar, Colegiada de Saint-André (Grenoble)","Altar, Colegiata de Saint-André (Grenoble)","Altare, Collegiata di Saint-André (Grenoble)"
alt,"Altar, Templo Expiatorio del Sagrado Corazón.jpg","Autel, Templo Expiatorio del Sagrado Corazón","അൾത്താര, ടെംപ്ലോ എക്സ്പിയറ്റോറിയോ ഡെൽ സഗ്രാഡോ കൊറാസോൺ","ਵੇਦੀ, ਟੈਂਪਲੋ ਐਕਸਪੀਆਤੋਰੀਓ ਡੇਲ ਸਾਗ੍ਰਾਡੋ ਕੋਰਾਸੋਨ","वेदी, तेम्प्लो एक्सपियातोरियो देल साग्रादो कोराज़ोन","Altar, Templo Expiatório do Sagrado Coração","Altar, Templo Expiatorio del Sagrado Corazón","Altare, Templo Expiatorio del Sagrado Corazón"
alt,"Ancienne pharmacie du Cerf, Strasbourg","Ancienne pharmacie du Cerf, Strasbourg","പുരാതന ഫാർമസി ദ്യൂ സെർഫ്, സ്ട്രാസ്ബൂർഗ്","ਪੁਰਾਣੀ ਫਾਰਮੇਸੀ ਦਯੂ ਸੈਰਫ, ਸਟ੍ਰਾਸਬੁਰਗ","पुरानी फार्मेसी दयू सेरफ़, स्ट्रासबुर्ग","Antiga farmácia du Cerf, Estrasburgo","Antigua farmacia du Cerf, Estrasburgo","Antica farmacia du Cerf, Strasburgo"
alt,Annecy Saint-François-de-Sales (high altar),Annecy Saint-François-de-Sales (maître-autel),ആനസി സാൻ-ഫ്രാൻസ്വ-ദെ-സാൽ (പ്രധാന അൾത്താര),ਐਨੇਸੀ ਸੈਂ-ਫ੍ਰਾਂਸਵਾ-ਦੇ-ਸਾਲ (ਮੁੱਖ ਵੇਦੀ),एनेसी सैं-फ्रांस्वा-दे-साल (मुख्य वेदी),Annecy Saint-François-de-Sales (altar-mor),Annecy Saint-François-de-Sales (altar mayor),Annecy Saint-François-de-Sales (altare maggiore)
alt,Aqueduc de Saint-Nazaire-en-Royans,Aqueduc de Saint-Nazaire-en-Royans,സാൻ-നസേർ-ആൻ-റോയാനിലെ ജലസേതു,ਸੈਂ-ਨਜ਼ੇਰ-ਆਂ-ਰੋਯਾਂ ਦਾ ਜਲ-ਨਾਲਾ,सैं-नजेर-आं-रॉयां का जलसेतु,Aqueduto de Saint-Nazaire-en-Royans,Acueducto de Saint-Nazaire-en-Royans,Acquedotto di Saint-Nazaire-en-Royans
alt,Arch in Turin,Arche à Turin,ടൂറിനിലെ കമാനം,ਟੂਰਿਨ ਵਿੱਚ ਮਿਹਰਾਬ,तूरिन में मेहराब,Arco em Turim,Arco en Turín,Arco a Torino
alt,Arch of Saint-Trophime Cathedral,Arche de la cathédrale Saint-Trophime,സാൻ-ട്രോഫീം കത്തീഡ്രലിന്റെ കമാനം,ਸੈਂ-ਟ੍ਰੋਫੀਮ ਕੈਥੇਡ੍ਰਲ ਦਾ ਮਿਹਰਾਬ,सैं-त्रोफीम कैथेड्रल का मेहराब,Arco da Catedral de Saint-Trophime,Arco de la Catedral de Saint-Trophime,Arco della Cattedrale di Saint-Trophime
alt,Arches in Turin,Arches à Turin,ടൂറിനിലെ കമാനങ്ങൾ,ਟੂਰਿਨ ਵਿੱਚ ਮਿਹਰਾਬਾਂ,तूरिन में मेहराबें,Arcos em Turim,Arcos en Turín,Archi a Torino
alt,Autumn leaves in Mons,Feuilles d'automne à Mons,മോൺസിലെ ശരത്കാല ഇലകൾ,ਮੋਂਸ ਵਿੱਚ ਪਤਝੜ ਦੇ ਪੱਤੇ,मॉन्स में शरद ऋतु के पत्ते,Folhas de outono em Mons,Hojas de otoño en Mons,Foglie autunnali a Mons
alt,Baptistry San Giovanni Pisa,"Baptistère San Giovanni, Pise","സാൻ ജൊവാന്നി സ്നാനഗൃഹം, പിസ","ਸਾਨ ਜੋਵਾਨੀ ਬੈਪਟਿਸਟ੍ਰੀ, ਪੀਸਾ","सान जोवान्नी बपतिस्मा-गृह, पीसा","Batistério de San Giovanni, Pisa","Baptisterio de San Giovanni, Pisa","Battistero di San Giovanni, Pisa"
alt,Basilica di San Giorgio Maggiore (Venice) - remote view,Basilique San Giorgio Maggiore (Venise) - vue lointaine,സാൻ ജോർജോ മാജോറെ ബസിലിക്ക (വെനീസ്) - ദൂരദൃശ്യം,ਸਾਨ ਜੋਰਜੋ ਮਾਜੋਰੇ ਬੈਸਿਲਿਕਾ (ਵੇਨਿਸ) - ਦੂਰ ਦ੍ਰਿਸ਼,सान जोर्जो माजोरे बेसिलिका (वेनिस) - दूर दृश्य,Basílica de San Giorgio Maggiore (Veneza) - vista distante,Basílica de San Giorgio Maggiore (Venecia) - vista lejana,Basilica di San Giorgio Maggiore (Venezia) - veduta lontana
alt,"Basilica of San Juan de Dios, Granada","Basilique de San Juan de Dios, Grenade","സാൻ ഹ്വാൻ ദെ ദിയോസ് ബസിലിക്ക, ഗ്രനാഡ","ਸਾਨ ਖੁਆਨ ਦੇ ਦਿਓਸ ਬੈਸਿਲਿਕਾ, ਗ੍ਰਾਨਾਦਾ","सान खुआन दे दिओस बेसिलिका, ग्रानादा","Basílica de San Juan de Dios, Granada","Basílica de San Juan de Dios, Granada","Basilica di San Juan de Dios, Granada"
alt,Basilique Saint-Paul de Narbonne,Basilique Saint-Paul de Narbonne,നാർബോണിലെ സാൻ-പോൾ ബസിലിക്ക,ਨਾਰਬੋਨ ਦੀ ਸੈਂ-ਪੋਲ ਬੈਸਿਲਿਕਾ,नारबोन की सैं-पॉल बेसिलिका,Basílica de Saint-Paul de Narbonne,Basílica de Saint-Paul de Narbona,Basilica di Saint-Paul a Narbonne
alt,Bent tree near Mont Saint-Michel,Arbre courbé près du Mont Saint-Michel,മോൺ-സാൻ-മിഷേലിന് സമീപമുള്ള വളഞ്ഞ വൃക്ഷം,ਮੋਂ-ਸਾਂ-ਮੀਸ਼ੇਲ ਨੇੜੇ ਝੁਕਿਆ ਰੁੱਖ,मों-सां-मिशेल के पास झुका हुआ पेड़,Árvore curvada perto do Monte Saint-Michel,Árbol curvado cerca del Monte Saint-Michel,Albero piegato vicino a Mont Saint-Michel
alt,Berlin Cathedral,Cathédrale de Berlin,ബർലിൻ കത്തീഡ്രൽ,ਬਰਲਿਨ ਕੈਥੇਡ੍ਰਲ,बर्लिन कैथेड्रल,Catedral de Berlim,Catedral de Berlín,Duomo di Berlino
alt,Bourse Maritime (Bordeaux),Bourse Maritime (Bordeaux),ബോഴ്സ് മാരിതീം (ബോർഡോ),ਬੂਰਸ ਮੈਰੀਤੀਮ (ਬੋਰਡੋ),बूर्स मैरितीम (बोर्डो),Bolsa Marítima (Bordéus),Bolsa Marítima (Burdeos),Borsa Marittima (Bordeaux)
alt,"Bridge connecting two cities, Narbonne","Pont reliant deux villes, Narbonne","രണ്ട് നഗരങ്ങളെ ബന്ധിപ്പിക്കുന്ന പാലം, നാർബോൺ","ਦੋ ਸ਼ਹਿਰਾਂ ਨੂੰ ਜੋੜਨ ਵਾਲਾ ਪੁਲ, ਨਾਰਬੋਨ","दो शहरों को जोड़ने वाला पुल, नारबोन","Ponte que liga duas cidades, Narbonne","Puente que conecta dos ciudades, Narbona","Ponte che collega due città, Narbonne"
alt,"Bridge, Prato della Valle, Padua","Pont, Prato della Valle, Padoue","പാലം, പ്രാറ്റോ ഡെല്ലാ വാല്ലെ, പാദുവ","ਪੁਲ, ਪ੍ਰਾਤੋ ਡੇੱਲਾ ਵਾੱਲੇ, ਪਾਦੂਆ","पुल, प्रातो देल्ला वाल्ले, पादुआ","Ponte, Prato della Valle, Pádua","Puente, Prato della Valle, Padua","Ponte, Prato della Valle, Padova"
alt,Building in Genoa,Bâtiment à Gênes,ജെനോവയിലെ കെട്ടിടം,ਜੇਨੋਆ ਵਿੱਚ ਇਮਾਰਤ,जेनोआ में इमारत,Edifício em Génova,Edificio en Génova,Edificio a Genova
alt,Byzantine Icon Athens,"Icône byzantine, Athènes","ബൈസന്റൈൻ ഐക്കൺ, ഏഥൻസ്","ਬਾਈਜ਼ੈਂਟਾਈਨ ਆਈਕਨ, ਏਥਨਜ਼","बीज़ान्टिन आइकन, एथेंस","Ícone bizantino, Atenas","Icono bizantino, Atenas","Icona bizantina, Atene"
alt,Cathédrale Sainte-Marie-Majeure,Cathédrale Sainte-Marie-Majeure,സാന്ത്-മാരി-മജേർ കത്തീഡ്രൽ,ਸੈਂਤ-ਮਾਰੀ-ਮਾਜੇਰ ਕੈਥੇਡ੍ਰਲ,सैंत-मारी-मजेर कैथेड्रल,Catedral de Sainte-Marie-Majeure,Catedral de Sainte-Marie-Majeure,Cattedrale di Sainte-Marie-Majeure
alt,Ceiling of the Cathedral of Granada,Plafond de la cathédrale de Grenade,ഗ്രനാഡ കത്തീഡ്രലിന്റെ മേൽത്തട്ട്,ਗ੍ਰਾਨਾਦਾ ਦੇ ਕੈਥੇਡ੍ਰਲ ਦੀ ਛੱਤ,ग्रानादा के कैथेड्रल की छत,Teto da Catedral de Granada,Techo de la Catedral de Granada,Soffitto della Cattedrale di Granada
alt,"Ceiling, Église Sainte-Marie-Madeleine de Pérouges","Plafond, Église Sainte-Marie-Madeleine de Pérouges",സാന്ത്-മാരി-മദ്‌ലെൻ ദെ പേരൂജ് പള്ളിയുടെ മേൽത്തട്ട്,ਸੈਂਤ-ਮਾਰੀ-ਮਾਦਲੇਨ ਦੇ ਪੇਰੂਜ ਗਿਰਜਾਘਰ ਦੀ ਛੱਤ,सैंत-मारी-मादलेन दे पेरूज गिरजाघर की छत,"Teto, Igreja de Sainte-Marie-Madeleine de Pérouges","Techo, Iglesia de Sainte-Marie-Madeleine de Pérouges","Soffitto, Chiesa di Sainte-Marie-Madeleine a Pérouges"
alt,Chairs Stockholm,"Chaises, Stockholm","കസേരകൾ, സ്റ്റോക്ക്ഹോം","ਕੁਰਸੀਆਂ, ਸਟਾਕਹੋਮ","कुर्सियाँ, स्टॉकहोम","Cadeiras, Estocolmo","Sillas, Estocolmo","Sedie, Stoccolma"
alt,"Chapel of St. George Sarandaris, Chersonissos","Chapelle Saint-Georges Sarandaris, Chersónissos","സെന്റ് ജോർജ് സരന്ദാരിസ് ചാപ്പൽ, ഹെർസോണിസോസ്","ਸੇਂਟ ਜਾਰਜ ਸਰੰਦਾਰਿਸ ਚੈਪਲ, ਹੇਰਸੋਨਿਸੋਸ","सेंट जॉर्ज सरंदारिस चैपल, हेर्सोनिसोस","Capela de São Jorge Sarandaris, Chersonissos","Capilla de San Jorge Sarandaris, Hersonissos","Cappella di San Giorgio Sarandaris, Chersonissos"
alt,Chapelle Saint-Aaron,Chapelle Saint-Aaron,സാൻ-ആരോൺ ചാപ്പൽ,ਸੈਂ-ਆਰੋਂ ਚੈਪਲ,सैं-आरों चैपल,Capela de Saint-Aaron,Capilla de Saint-Aaron,Cappella di Saint-Aaron
alt,Christmas lights in Nantes,Illuminations de Noël à Nantes,നാന്തിലെ ക്രിസ്മസ് വിളക്കുകൾ,ਨਾਂਤ ਵਿੱਚ ਕ੍ਰਿਸਮਸ ਦੀਆਂ ਰੋਸ਼ਨੀਆਂ,नांत में क्रिसमस की रोशनी,Luzes de Natal em Nantes,Luces navideñas en Nantes,Luci di Natale a Nantes
alt,Church Stary Sącz,"Église, Stary Sącz","പള്ളി, സ്റ്റാരി-സോഞ്ച്","ਗਿਰਜਾਘਰ, ਸਟਾਰੀ-ਸੋਂਚ","गिरजाघर, स्तारी-सॉन्च","Igreja, Stary Sącz","Iglesia, Stary Sącz","Chiesa, Stary Sącz"
alt,Church in Stary Sącz,Église à Stary Sącz,സ്റ്റാരി-സോഞ്ചിലെ പള്ളി,ਸਟਾਰੀ-ਸੋਂਚ ਵਿੱਚ ਗਿਰਜਾਘਰ,स्तारी-सॉन्च में गिरजाघर,Igreja em Stary Sącz,Iglesia en Stary Sącz,Chiesa a Stary Sącz
alt,Church of Megali Panagia Athens,"Église de Megali Panagia, Athènes","മേഗാലി പനാഗിയ പള്ളി, ഏഥൻസ്","ਮੇਗਾਲੀ ਪਨਾਗੀਆ ਚਰਚ, ਏਥਨਜ਼","मेगाली पनागिया चर्च, एथेंस","Igreja de Megali Panagia, Atenas","Iglesia de Megali Panagia, Atenas","Chiesa di Megali Panagia, Atene"
alt,"Church, Perouges","Église, Pérouges","പള്ളി, പേരൂജ്","ਗਿਰਜਾਘਰ, ਪੇਰੂਜ","गिरजाघर, पेरूज","Igreja, Pérouges","Iglesia, Pérouges","Chiesa, Pérouges"
alt,Château d'eau du Peyrou (Montpellier),Château d'eau du Peyrou (Montpellier),ജലഗോപുരം ദ്യൂ പെയ്റൂ (മോംപെലിയേ),ਜਲ-ਮੀਨਾਰ ਦਯੂ ਪੇਰੂ (ਮੋਂਪੇਲੀਏ),जल मीनार दयू पेरू (मोंपेलिये),Torre de água du Peyrou (Montpellier),Depósito de agua du Peyrou (Montpellier),Torre dell'acqua du Peyrou (Montpellier)
alt,Château de Tournoël View,Vue du Château de Tournoël,ഷാറ്റോ ദെ ടൂർനോലിന്റെ ദൃശ്യം,ਸ਼ਾਤੋ ਦੇ ਤੂਰਨੋਲ ਦਾ ਦ੍ਰਿਸ਼,शातो दे तूरनोल का दृश्य,Vista do Château de Tournoël,Vista del Château de Tournoël,Veduta del Château de Tournoël
alt,Château des ducs de Bretagne (Nantes),Château des ducs de Bretagne (Nantes),ഷാറ്റോ ദേ ദ്യൂക് ദെ ബ്രെത്താഞ് (നാന്ത്),ਸ਼ਾਤੋ ਦੇ ਦਯੂਕ ਦੇ ਬ੍ਰੇਤਾਞ (ਨਾਂਤ),शातो दे दयूक दे ब्रेताञ (नांत),Castelo dos Duques da Bretanha (Nantes),Castillo de los Duques de Bretaña (Nantes),Castello dei Duchi di Bretagna (Nantes)
alt,Cistern of the Chaplaincy of the Mont Saint-Michel Abbey,Citerne de l'aumônerie de l'abbaye du Mont Saint-Michel,മോൺ-സാൻ-മിഷേൽ ആശ്രമത്തിലെ ചാപ്ലെൻസിയുടെ ജലസംഭരണി,ਮੋਂ-ਸਾਂ-ਮੀਸ਼ੇਲ ਦੇ ਮੱਠ ਦੀ ਚੈਪਲੈਂਸੀ ਦੀ ਜਲ-ਟੈਂਕੀ,मों-सां-मिशेल मठ के पादरीगृह का जलकुंड,Cisterna da capelania da Abadia do Monte Saint-Michel,Cisterna de la capellanía de la Abadía del Monte Saint-Michel,Cisterna della cappellania dell'Abbazia di Mont Saint-Michel
alt,Cour Saint Eutrope,Cour Saint Eutrope,കൂർ സാൻ യൂട്രോപ്പ്,ਕੂਰ ਸੈਂ ਯੂਟ੍ਰੋਪ,कूर सैं यूट्रोप,Cour Saint Eutrope,Cour Saint Eutrope,Cour Saint Eutrope
alt,"Cour du Corbeau, Strasbourg","Cour du Corbeau, Strasbourg","കൂർ ദ്യൂ കോർബോ, സ്ട്രാസ്ബൂർഗ്","ਕੂਰ ਦਯੂ ਕੋਰਬੋ, ਸਟ੍ਰਾਸਬੁਰਗ","कूर दयू कोरबो, स्ट्रासबुर्ग","Cour du Corbeau, Estrasburgo","Cour du Corbeau, Estrasburgo","Cour du Corbeau, Strasburgo"
alt,Door in Florence,Porte à Florence,ഫ്ലോറൻസിലെ വാതിൽ,ਫਲੋਰੈਂਸ ਵਿੱਚ ਦਰਵਾਜ਼ਾ,फ्लोरेंस में दरवाज़ा,Porta em Florença,Puerta en Florencia,Porta a Firenze
alt,"Door of Santa Giustina, Padua","Porte de Santa Giustina, Padoue","സാന്താ ജ്യൂസ്റ്റീനയുടെ വാതിൽ, പാദുവ","ਸਾਂਤਾ ਜੂਸਤੀਨਾ ਦਾ ਦਰਵਾਜ਼ਾ, ਪਾਦੂਆ","सांता जुस्तीना का दरवाज़ा, पादुआ","Porta de Santa Giustina, Pádua","Puerta de Santa Giustina, Padua","Porta di Santa Giustina, Padova"
alt,"Door, Mariacka Street in Katowice","Porte, rue Mariacka à Katowice","വാതിൽ, കാറ്റോവിസിലെ മാരിയാക്ക തെരുവ്","ਦਰਵਾਜ਼ਾ, ਕਾਤੋਵੀਤਸੇ ਵਿੱਚ ਮਾਰੀਆਕਾ ਗਲੀ","दरवाज़ा, कातोवित्से में मारियाका स्ट्रीट","Porta, Rua Mariacka em Katowice","Puerta, Calle Mariacka en Katowice","Porta, Via Mariacka a Katowice"
alt,"Double Rainbow, Lyon","Double arc-en-ciel, Lyon","ഇരട്ട മഴവില്ല്, ലിയോൺ","ਦੋਹਰਾ ਸਤਰੰਗੀ ਪੀਂਘ, ਲਿਓਂ","दोहरा इंद्रधनुष, ल्यों","Arco-íris duplo, Lyon","Doble arcoíris, Lyon","Doppio arcobaleno, Lione"
alt,Drawing Barcelona,"Dessin, Barcelone","ചിത്രം, ബാഴ്സലോണ","ਚਿੱਤਰ, ਬਾਰਸਿਲੋਨਾ","चित्र, बार्सिलोना","Desenho, Barcelona","Dibujo, Barcelona","Disegno, Barcellona"
alt,Eglise Saint-Pierre du Mont Saint-Michel,Église Saint-Pierre du Mont Saint-Michel,മോൺ-സാൻ-മിഷേലിലെ സാൻ-പിയേർ പള്ളി,ਮੋਂ-ਸਾਂ-ਮੀਸ਼ੇਲ ਦਾ ਸੈਂ-ਪੀਅਰ ਗਿਰਜਾਘਰ,मों-सां-मिशेल का सैं-पियर गिरजाघर,Igreja de Saint-Pierre do Monte Saint-Michel,Iglesia de Saint-Pierre del Monte Saint-Michel,Chiesa di Saint-Pierre a Mont Saint-Michel
alt,Església de Sant Francesc de Sales Barcelona,"Église de Sant Francesc de Sales, Barcelone","സാന്ത് ഫ്രാൻസെസ്ക് ദെ സാലെസ് പള്ളി, ബാഴ്സലോണ","ਸਾਂਤ ਫ੍ਰਾਂਸੇਸਕ ਦੇ ਸਾਲੇਸ ਗਿਰਜਾਘਰ, ਬਾਰਸਿਲੋਨਾ","सांत फ्रांसेस्क दे सालेस गिरजाघर, बार्सिलोना","Igreja de Sant Francesc de Sales, Barcelona","Iglesia de Sant Francesc de Sales, Barcelona","Chiesa di Sant Francesc de Sales, Barcellona"
alt,Evening Sky,Ciel du soir,സന്ധ്യാകാശം,ਸ਼ਾਮ ਦਾ ਅਸਮਾਨ,सांध्य आकाश,Céu ao entardecer,Cielo al atardecer,Cielo serale
alt,Exterior of Basilique Saint-Nazaire de Carcassonne,Extérieur de la basilique Saint-Nazaire de Carcassonne,കാർകസോണിലെ സാൻ-നസേർ ബസിലിക്കയുടെ പുറംഭാഗം,ਕਾਰਕਾਸੋਨ ਦੀ ਸੈਂ-ਨਜ਼ੇਰ ਬੈਸਿਲਿਕਾ ਦਾ ਬਾਹਰੀ ਹਿੱਸਾ,कारकासोन की सैं-नजेर बेसिलिका का बाहरी भाग,Exterior da Basílica de Saint-Nazaire de Carcassonne,Exterior de la Basílica de Saint-Nazaire de Carcasona,Esterno della Basilica di Saint-Nazaire a Carcassonne
alt,Exterior of Cathédrale Saint-Pierre de Montpellier,Extérieur de la cathédrale Saint-Pierre de Montpellier,മോംപെലിയേയിലെ സാൻ-പിയേർ കത്തീഡ്രലിന്റെ പുറംഭാഗം,ਮੋਂਪੇਲੀਏ ਦੇ ਸੈਂ-ਪੀਅਰ ਕੈਥੇਡ੍ਰਲ ਦਾ ਬਾਹਰੀ ਹਿੱਸਾ,मोंपेलिये के सैं-पियर कैथेड्रल का बाहरी भाग,Exterior da Catedral de Saint-Pierre de Montpellier,Exterior de la Catedral de Saint-Pierre de Montpellier,Esterno della Cattedrale di Saint-Pierre a Montpellier
alt,Exterior of Cathédrale Saint-Pierre de Rennes,Extérieur de la cathédrale Saint-Pierre de Rennes,റെന്നയിലെ സാൻ-പിയേർ കത്തീഡ്രലിന്റെ പുറംഭാഗം,ਰੇਨ ਦੇ ਸੈਂ-ਪੀਅਰ ਕੈਥੇਡ੍ਰਲ ਦਾ ਬਾਹਰੀ ਹਿੱਸਾ,रेन के सैं-पियर कैथेड्रल का बाहरी भाग,Exterior da Catedral de Saint-Pierre de Rennes,Exterior de la Catedral de Saint-Pierre de Rennes,Esterno della Cattedrale di Saint-Pierre a Rennes
alt,Exterior of Mary Magdalene Church in Wrocław,Extérieur de l'église Sainte-Marie-Madeleine à Wrocław,വ്രോത്സ്വാവിലെ മേരി മഗ്ദലന പള്ളിയുടെ പുറംഭാഗം,ਵ੍ਰੋਤਸਵਾਫ ਵਿੱਚ ਮੈਰੀ ਮੈਗਡਲੀਨ ਗਿਰਜਾਘਰ ਦਾ ਬਾਹਰੀ ਹਿੱਸਾ,व्रॉत्सवाफ में मैरी मैग्डलीन चर्च का बाहरी भाग,Exterior da Igreja de Maria Madalena em Wrocław,Exterior de la Iglesia de María Magdalena en Wrocław,Esterno della Chiesa di Maria Maddalena a Wrocław
alt,"Exterior of Saint-Pierre-le-Jeune Protestant Church, Strasbourg","Extérieur de l'église protestante Saint-Pierre-le-Jeune, Strasbourg","സാൻ-പിയേർ-ലെ-ഷ്യൂൻ പ്രൊട്ടസ്റ്റന്റ് പള്ളിയുടെ പുറംഭാഗം, സ്ട്രാസ്ബൂർഗ്","ਸੈਂ-ਪੀਅਰ-ਲੇ-ਜਨ ਪ੍ਰੋਟੈਸਟੈਂਟ ਗਿਰਜਾਘਰ ਦਾ ਬਾਹਰੀ ਹਿੱਸਾ, ਸਟ੍ਰਾਸਬੁਰਗ","सैं-पियर-ले-जन प्रोटेस्टेंट गिरजाघर का बाहरी भाग, स्ट्रासबुर्ग","Exterior da Igreja Protestante Saint-Pierre-le-Jeune, Estrasburgo","Exterior de la Iglesia Protestante Saint-Pierre-le-Jeune, Estrasburgo","Esterno della Chiesa Protestante Saint-Pierre-le-Jeune, Strasburgo"
alt,Exterior of Théâtre Graslin,Extérieur du Théâtre Graslin,തിയാത്ര് ഗ്രാസ്ലിന്റെ പുറംഭാഗം,ਥੀਆਤ੍ਰ ਗ੍ਰਾਸਲੈਂ ਦਾ ਬਾਹਰੀ ਹਿੱਸਾ,थिआत्र ग्रास्लां का बाहरी भाग,Exterior do Théâtre Graslin,Exterior del Théâtre Graslin,Esterno del Théâtre Graslin
alt,Exterior view of Immaculate Conception church in Katowice,Vue extérieure de l'église de l'Immaculée-Conception à Katowice,കാറ്റോവിസിലെ അമലോത്ഭവ പള്ളിയുടെ പുറംദൃശ്യം,ਕਾਤੋਵੀਤਸੇ ਵਿੱਚ ਇਮੈਕੁਲੇਟ ਕਨਸੈਪਸ਼ਨ ਗਿਰਜਾਘਰ ਦਾ ਬਾਹਰੀ ਦ੍ਰਿਸ਼,कातोवित्से में इमैकुलेट कन्सेप्शन गिरजाघर का बाहरी दृश्य,Vista exterior da Igreja da Imaculada Conceição em Katowice,Vista exterior de la Iglesia de la Inmaculada Concepción en Katowice,Vista esterna della Chiesa dell'Immacolata Concezione a Katowice
alt,Facade details of Cathedral of Granada in Plaza de las Pasiegas,Détails de la façade de la cathédrale de Grenade sur la Plaza de las Pasiegas,പ്ലാസ ദെ ലാസ് പാസിയേഗാസിലെ ഗ്രനാഡ കത്തീഡ്രലിന്റെ മുൻഭാഗ വിശദാംശങ്ങൾ,ਪਲਾਜ਼ਾ ਦੇ ਲਾਸ ਪਾਸੀਏਗਾਸ ਵਿੱਚ ਗ੍ਰਾਨਾਦਾ ਦੇ ਕੈਥੇਡ੍ਰਲ ਦੇ ਅਗਲੇ ਹਿੱਸੇ ਦੇ ਵੇਰਵੇ,प्लाज़ा दे लास पासिएगास में ग्रानादा के कैथेड्रल के अग्रभाग का विवरण,Detalhes da fachada da Catedral de Granada na Plaza de las Pasiegas,Detalles de la fachada de la Catedral de Granada en la Plaza de las Pasiegas,Dettagli della facciata della Cattedrale di Granada in Plaza de las Pasiegas
alt,"Façade with wood, Pérouges","Façade en bois, Pérouges","തടി കൊണ്ടുള്ള മുൻഭാഗം, പേരൂജ്","ਲੱਕੜ ਵਾਲਾ ਅਗਲਾ ਹਿੱਸਾ, ਪੇਰੂਜ","लकड़ी का अग्रभाग, पेरूज","Fachada de madeira, Pérouges","Fachada de madera, Pérouges","Facciata in legno, Pérouges"
alt,Fisherman's Bastion Budapest,"Bastion des pêcheurs, Budapest","ഫിഷർമാൻസ് ബാസ്റ്റ്യൺ, ബുഡാപെസ്റ്റ്","ਫਿਸ਼ਰਮੈਨਜ਼ ਬੇਸ਼ਨ, ਬੁਡਾਪੇਸਟ","फ़िशरमैन्स बेस्शन, बुडापेस्ट","Bastião dos Pescadores, Budapeste","Bastión de los Pescadores, Budapest","Bastione dei Pescatori, Budapest"
alt,Fisherman's Bastion Detail Budapest,"Détail du Bastion des pêcheurs, Budapest","ഫിഷർമാൻസ് ബാസ്റ്റ്യൺ വിശദാംശം, ബുഡാപെസ്റ്റ്","ਫਿਸ਼ਰਮੈਨਜ਼ ਬੇਸ਼ਨ ਦਾ ਵੇਰਵਾ, ਬੁਡਾਪੇਸਟ","फ़िशरमैन्स बेस्शन का विवरण, बुडापेस्ट","Detalhe do Bastião dos Pescadores, Budapeste","Detalle del Bastión de los Pescadores, Budapest","Dettaglio del Bastione dei Pescatori, Budapest"
alt,Flowers in Lyon,Fleurs à Lyon,ലിയോണിലെ പൂക്കൾ,ਲਿਓਂ ਵਿੱਚ ਫੁੱਲ,ल्यों में फूल,Flores em Lyon,Flores en Lyon,Fiori a Lione
alt,Fort National (Saint-Malo),Fort National (Saint-Malo),ഫോർട്ട് നാഷണൽ (സാൻ-മാലോ),ਫੋਰਟ ਨੈਸ਼ਨਲ (ਸੈਂ-ਮਾਲੋ),फोर्ट नेशनल (सैं-मालो),Forte Nacional (Saint-Malo),Fuerte Nacional (Saint-Malo),Forte Nazionale (Saint-Malo)
alt,"Fountain in front of building of Polish National Radio Symphony Orchestra, Katowice","Fontaine devant le bâtiment de l'Orchestre symphonique national de la radio polonaise, Katowice","പോളിഷ് നാഷണൽ റേഡിയോ സിംഫണി ഓർക്കസ്ട്രയുടെ കെട്ടിടത്തിന് മുന്നിലെ ജലധാര, കാറ്റോവിസ്","ਪੋਲਿਸ਼ ਨੈਸ਼ਨਲ ਰੇਡੀਓ ਸਿੰਫਨੀ ਆਰਕੈਸਟਰਾ ਦੀ ਇਮਾਰਤ ਦੇ ਸਾਹਮਣੇ ਫੁਹਾਰਾ, ਕਾਤੋਵੀਤਸੇ","पोलिश नेशनल रेडियो सिम्फनी ऑर्केस्ट्रा की इमारत के सामने फव्वारा, कातोवित्से","Fonte em frente ao edifício da Orquestra Sinfónica Nacional da Rádio Polaca, Katowice","Fuente frente al edificio de la Orquesta Sinfónica Nacional de la Radio Polaca, Katowice","Fontana davanti all'edificio dell'Orchestra Sinfonica Nazionale della Radio Polacca, Katowice"
alt,"Fractals of nature, Lyon","Fractales de la nature, Lyon","പ്രകൃതിയുടെ ഫ്രാക്റ്റലുകൾ, ലിയോൺ","ਕੁਦਰਤ ਦੇ ਫ੍ਰੈਕਟਲ, ਲਿਓਂ","प्रकृति के भग्न, ल्यों","Fractais da natureza, Lyon","Fractales de la naturaleza, Lyon","Frattali della natura, Lione"
alt,Fresco at Knossos Heraklion,"Fresque à Knossos, Héraklion","ക്നോസോസിലെ ചുവർചിത്രം, ഹെറാക്ലിയോൺ","ਕਨੋਸੋਸ ਵਿੱਚ ਫ੍ਰੈਸਕੋ, ਹੇਰਾਕਲਿਓਨ","क्नोसोस में भित्तिचित्र, हेराक्लिओन","Fresco em Cnossos, Heraclião","Fresco en Cnosos, Heraclión","Affresco a Cnosso, Heraklion"
alt,"Frescos of Saint-Pierre-le-Jeune Protestant Church, Strasbourg (Cloister)","Fresques de l'église protestante Saint-Pierre-le-Jeune, Strasbourg (cloître)","സാൻ-പിയേർ-ലെ-ഷ്യൂൻ പ്രൊട്ടസ്റ്റന്റ് പള്ളിയിലെ ചുവർചിത്രങ്ങൾ, സ്ട്രാസ്ബൂർഗ് (ക്ലോയിസ്റ്റർ)","ਸੈਂ-ਪੀਅਰ-ਲੇ-ਜਨ ਪ੍ਰੋਟੈਸਟੈਂਟ ਗਿਰਜਾਘਰ ਦੇ ਫ੍ਰੈਸਕੋ, ਸਟ੍ਰਾਸਬੁਰਗ (ਕਲੋਇਸਟਰ)","सैं-पियर-ले-जन प्रोटेस्टेंट गिरजाघर के भित्तिचित्र, स्ट्रासबुर्ग (क्लॉइस्टर)","Frescos da Igreja Protestante Saint-Pierre-le-Jeune, Estrasburgo (Claustro)","Frescos de la Iglesia Protestante Saint-Pierre-le-Jeune, Estrasburgo (Claustro)","Affreschi della Chiesa Protestante Saint-Pierre-le-Jeune, Strasburgo (Chiostro)"
alt,"Front view, Templo Expiatorio del Sagrado Corazón","Vue de face, Templo Expiatorio del Sagrado Corazón","മുൻവശ ദൃശ്യം, ടെംപ്ലോ എക്സ്പിയറ്റോറിയോ ഡെൽ സഗ്രാഡോ കൊറാസോൺ","ਸਾਹਮਣੇ ਦਾ ਦ੍ਰਿਸ਼, ਟੈਂਪਲੋ ਐਕਸਪੀਆਤੋਰੀਓ ਡੇਲ ਸਾਗ੍ਰਾਡੋ ਕੋਰਾਸੋਨ","सामने का दृश्य, तेम्प्लो एक्सपियातोरियो देल साग्रादो कोराज़ोन","Vista frontal, Templo Expiatório do Sagrado Coração","Vista frontal, Templo Expiatorio del Sagrado Corazón","Vista frontale, Templo Expiatorio del Sagrado Corazón"
alt,"Garden view, Rue du Prince, Pérouges","Vue du jardin, Rue du Prince, Pérouges","പൂന്തോട്ട ദൃശ്യം, റ്യൂ ദ്യൂ പ്രിൻസ്, പേരൂജ്","ਬਾਗ਼ ਦਾ ਦ੍ਰਿਸ਼, ਰਯੂ ਦਯੂ ਪ੍ਰਿੰਸ, ਪੇਰੂਜ","बगीचे का दृश्य, रयू दयू प्रिंस, पेरूज","Vista do jardim, Rue du Prince, Pérouges","Vista del jardín, Rue du Prince, Pérouges","Veduta del giardino, Rue du Prince, Pérouges"
alt,Golden Hour in Lyon,Heure dorée à Lyon,ലിയോണിലെ സുവർണ്ണ നേരം,ਲਿਓਂ ਵਿੱਚ ਸੁਨਹਿਰੀ ਘੜੀ,ल्यों में स्वर्णिम बेला,Hora dourada em Lyon,Hora dorada en Lyon,Ora dorata a Lione
alt,Golden hour in Saint-Malo,Heure dorée à Saint-Malo,സാൻ-മാലോയിലെ സുവർണ്ണ നേരം,ਸੈਂ-ਮਾਲੋ ਵਿੱਚ ਸੁਨਹਿਰੀ ਘੜੀ,सैं-मालो में स्वर्णिम बेला,Hora dourada em Saint-Malo,Hora dorada en Saint-Malo,Ora dorata a Saint-Malo
alt,"Golden hour, Lyon","Heure dorée, Lyon","സുവർണ്ണ നേരം, ലിയോൺ","ਸੁਨਹਿਰੀ ਘੜੀ, ਲਿਓਂ","स्वर्णिम बेला, ल्यों","Hora dourada, Lyon","Hora dorada, Lyon","Ora dorata, Lione"
alt,Gondolas in Venice facing St Mark's Campanile,Gondoles à Venise face au campanile Saint-Marc,സെന്റ് മാർക്ക് കാമ്പനൈലിന് അഭിമുഖമായി വെനീസിലെ ഗൊണ്ടോളകൾ,ਸੇਂਟ ਮਾਰਕ ਕੈਂਪਾਨਾਈਲ ਦੇ ਸਾਹਮਣੇ ਵੇਨਿਸ ਵਿੱਚ ਗੋਂਡੋਲਾ,सेंट मार्क कैंपानील के सामने वेनिस में गोंडोला,Gôndolas em Veneza diante do Campanário de São Marcos,Góndolas en Venecia frente al Campanile de San Marcos,Gondole a Venezia di fronte al Campanile di San Marco
alt,"Gondolas in Venice, Italy","Gondoles à Venise, Italie","വെനീസിലെ ഗൊണ്ടോളകൾ, ഇറ്റലി","ਵੇਨਿਸ ਵਿੱਚ ਗੋਂਡੋਲਾ, ਇਟਲੀ","वेनिस में गोंडोला, इटली","Gôndolas em Veneza, Itália","Góndolas en Venecia, Italia","Gondole a Venezia, Italia"
alt,Hotel Monopol in Katowice,Hôtel Monopol à Katowice,കാറ്റോവിസിലെ ഹോട്ടൽ മോണോപോൾ,ਕਾਤੋਵੀਤਸੇ ਵਿੱਚ ਹੋਟਲ ਮੋਨੋਪੋਲ,कातोवित्से में होटल मोनोपोल,Hotel Monopol em Katowice,Hotel Monopol en Katowice,Hotel Monopol a Katowice
alt,Houses In Stockholm,Maisons à Stockholm,സ്റ്റോക്ക്ഹോമിലെ വീടുകൾ,ਸਟਾਕਹੋਮ ਵਿੱਚ ਘਰ,स्टॉकहोम में घर,Casas em Estocolmo,Casas en Estocolmo,Case a Stoccolma
alt,Houses in Gdansk on Motława river,Maisons à Gdansk sur la rivière Motława,മോട്ലാവ നദിക്കരയിൽ ഗ്ദാൻസ്കിലെ വീടുകൾ,ਮੋਟਲਾਵਾ ਨਦੀ ਉੱਤੇ ਗਦਾਂਸਕ ਵਿੱਚ ਘਰ,मोटवावा नदी पर ग्दांस्क में घर,Casas em Gdansk no rio Motława,Casas en Gdansk sobre el río Motława,Case a Danzica sul fiume Motława
alt,Hôpital général de Clermont-Ferrand,Hôpital général de Clermont-Ferrand,ക്ലെർമോൺ-ഫെറാനിലെ ജനറൽ ആശുപത്രി,ਕਲੇਰਮੋਂ-ਫੇਰਾਂ ਦਾ ਜਨਰਲ ਹਸਪਤਾਲ,क्लेरमों-फेरां का सामान्य अस्पताल,Hospital geral de Clermont-Ferrand,Hospital general de Clermont-Ferrand,Ospedale generale di Clermont-Ferrand
alt,"Hôtel de La Noue, Rennes","Hôtel de La Noue, Rennes","ഓത്തൽ ദെ ലാ നൂ, റെന്ന","ਓਤੇਲ ਦੇ ਲਾ ਨੂ, ਰੇਨ","ओतेल दे ला नू, रेन","Hôtel de La Noue, Rennes","Hôtel de La Noue, Rennes","Hôtel de La Noue, Rennes"
alt,"Immeuble, 10 rue Saint-Georges (Rennes)","Immeuble, 10 rue Saint-Georges (Rennes)","കെട്ടിടം, 10 റ്യൂ സാൻ-ജോർജ് (റെന്ന)","ਇਮਾਰਤ, 10 ਰਯੂ ਸੈਂ-ਜੋਰਜ (ਰੇਨ)","इमारत, 10 रयू सैं-जॉर्ज (रेन)","Edifício, 10 rue Saint-Georges (Rennes)","Edificio, 10 rue Saint-Georges (Rennes)","Edificio, 10 rue Saint-Georges (Rennes)"
alt,Interior details of St. Mary Magdalene Church in Wrocław,Détails intérieurs de l'église Sainte-Marie-Madeleine à Wrocław,വ്രോത്സ്വാവിലെ വിശുദ്ധ മേരി മഗ്ദലന പള്ളിയുടെ അകത്തെ വിശദാംശങ്ങൾ,ਵ੍ਰੋਤਸਵਾਫ ਵਿੱਚ ਸੇਂਟ ਮੈਰੀ ਮੈਗਡਲੀਨ ਗਿਰਜਾਘਰ ਦੇ ਅੰਦਰੂਨੀ ਵੇਰਵੇ,व्रॉत्सवाफ में सेंट मैरी मैग्डलीन चर्च के भीतरी विवरण,Detalhes interiores da Igreja de Santa Maria Madalena em Wrocław,Detalles interiores de la Iglesia de Santa María Magdalena en Wrocław,Dettagli interni della Chiesa di Santa Maria Maddalena a Wrocław
alt,Interior of Abbatiale de Mont Saint-Michel 20 (cropped),Intérieur de l'abbatiale du Mont Saint-Michel,മോൺ-സാൻ-മിഷേൽ ആശ്രമപ്പള്ളിയുടെ അകംഭാഗം,ਮੋਂ-ਸਾਂ-ਮੀਸ਼ੇਲ ਦੇ ਮੱਠ-ਗਿਰਜਾਘਰ ਦਾ ਅੰਦਰੂਨੀ ਹਿੱਸਾ,मों-सां-मिशेल के मठ-गिरजाघर का भीतरी भाग,Interior da Igreja Abacial do Monte Saint-Michel,Interior de la Iglesia Abacial del Monte Saint-Michel,Interno della Chiesa Abbaziale di Mont Saint-Michel
alt,Interior of Abbey of Mont Saint-Michel,Intérieur de l'abbaye du Mont Saint-Michel,മോൺ-സാൻ-മിഷേൽ ആശ്രമത്തിന്റെ അകംഭാഗം,ਮੋਂ-ਸਾਂ-ਮੀਸ਼ੇਲ ਦੇ ਮੱਠ ਦਾ ਅੰਦਰੂਨੀ ਹਿੱਸਾ,मों-सां-मिशेल के मठ का भीतरी भाग,Interior da Abadia do Monte Saint-Michel,Interior de la Abadía del Monte Saint-Michel,Interno dell'Abbazia di Mont Saint-Michel
alt,"Interior of Basilica of San Juan de Dios, Granada","Intérieur de la basilique de San Juan de Dios, Grenade","സാൻ ഹ്വാൻ ദെ ദിയോസ് ബസിലിക്കയുടെ അകംഭാഗം, ഗ്രനാഡ","ਸਾਨ ਖੁਆਨ ਦੇ ਦਿਓਸ ਬੈਸਿਲਿਕਾ ਦਾ ਅੰਦਰੂਨੀ ਹਿੱਸਾ, ਗ੍ਰਾਨਾਦਾ","सान खुआन दे दिओस बेसिलिका का भीतरी भाग, ग्रानादा","Interior da Basílica de San Juan de Dios, Granada","Interior de la Basílica de San Juan de Dios, Granada","Interno della Basilica di San Juan de Dios, Granada"
alt,Interior of Basilique Saint-Martin d'Ainay (Lyon),Intérieur de la basilique Saint-Martin d'Ainay (Lyon),സാൻ-മാർട്ടാൻ ദെനെ ബസിലിക്കയുടെ അകംഭാഗം (ലിയോൺ),ਸੈਂ-ਮਾਰਤੈਂ ਦੇਨੇ ਬੈਸਿਲਿਕਾ ਦਾ ਅੰਦਰੂਨੀ ਹਿੱਸਾ (ਲਿਓਂ),सैं-मार्तें देने बेसिलिका का भीतरी भाग (ल्यों),Interior da Basílica Saint-Martin d'Ainay (Lyon),Interior de la Basílica Saint-Martin d'Ainay (Lyon),Interno della Basilica di Saint-Martin d'Ainay (Lione)
alt,Interior of Basilique Saint-Nicolas (Nantes),Intérieur de la basilique Saint-Nicolas (Nantes),സാൻ-നിക്കോള ബസിലിക്കയുടെ അകംഭാഗം (നാന്ത്),ਸੈਂ-ਨਿਕੋਲਾ ਬੈਸਿਲਿਕਾ ਦਾ ਅੰਦਰੂਨੀ ਹਿੱਸਾ (ਨਾਂਤ),सैं-निकोला बेसिलिका का भीतरी भाग (नांत),Interior da Basílica Saint-Nicolas (Nantes),Interior de la Basílica Saint-Nicolas (Nantes),Interno della Basilica di Saint-Nicolas (Nantes)
alt,Interior of Cathédrale Notre-Dame de Grenoble,Intérieur de la cathédrale Notre-Dame de Grenoble,നോത്ര്-ദാം ദെ ഗ്രെനോബ്ല് കത്തീഡ്രലിന്റെ അകംഭാഗം,ਨੋਤ੍ਰ-ਦਾਮ ਦੇ ਗ੍ਰੇਨੋਬਲ ਕੈਥੇਡ੍ਰਲ ਦਾ ਅੰਦਰੂਨੀ ਹਿੱਸਾ,नोत्र-दाम दे ग्रेनोबल कैथेड्रल का भीतरी भाग,Interior da Catedral Notre-Dame de Grenoble,Interior de la Catedral Notre-Dame de Grenoble,Interno della Cattedrale di Notre-Dame a Grenoble
alt,Interior of Cathédrale Saint-Pierre de Nantes,Intérieur de la cathédrale Saint-Pierre de Nantes,നാന്തിലെ സാൻ-പിയേർ കത്തീഡ്രലിന്റെ അകംഭാഗം,ਨਾਂਤ ਦੇ ਸੈਂ-ਪੀਅਰ ਕੈਥੇਡ੍ਰਲ ਦਾ ਅੰਦਰੂਨੀ ਹਿੱਸਾ,नांत के सैं-पियर कैथेड्रल का भीतरी भाग,Interior da Catedral de Saint-Pierre de Nantes,Interior de la Catedral de Saint-Pierre de Nantes,Interno della Cattedrale di Saint-Pierre a Nantes
alt,Interior of Chapelle Sainte-Anne-des-Grèves de Saint-Malo,Intérieur de la chapelle Sainte-Anne-des-Grèves de Saint-Malo,സാൻ-മാലോയിലെ സാന്ത്-ആൻ-ദേ-ഗ്രെവ് ചാപ്പലിന്റെ അകംഭാഗം,ਸੈਂ-ਮਾਲੋ ਦੀ ਸੈਂਤ-ਆਨ-ਦੇ-ਗ੍ਰੇਵ ਚੈਪਲ ਦਾ ਅੰਦਰੂਨੀ ਹਿੱਸਾ,सैं-मालो की सैंत-आन-दे-ग्रेव चैपल का भीतरी भाग,Interior da Capela Sainte-Anne-des-Grèves de Saint-Malo,Interior de la Capilla Sainte-Anne-des-Grèves de Saint-Malo,Interno della Cappella Sainte-Anne-des-Grèves a Saint-Malo
alt,Interior of St. Mary Magdalene Church in Wrocław,Intérieur de l'église Sainte-Marie-Madeleine à Wrocław,വ്രോത്സ്വാവിലെ വിശുദ്ധ മേരി മഗ്ദലന പള്ളിയുടെ അകംഭാഗം,ਵ੍ਰੋਤਸਵਾਫ ਵਿੱਚ ਸੇਂਟ ਮੈਰੀ ਮੈਗਡਲੀਨ ਗਿਰਜਾਘਰ ਦਾ ਅੰਦਰੂਨੀ ਹਿੱਸਾ,व्रॉत्सवाफ में सेंट मैरी मैग्डलीन चर्च का भीतरी भाग,Interior da Igreja de Santa Maria Madalena em Wrocław,Interior de la Iglesia de Santa María Magdalena en Wrocław,Interno della Chiesa di Santa Maria Maddalena a Wrocław
alt,Interior of Église Saint-Louis de Bordeaux,Intérieur de l'église Saint-Louis de Bordeaux,ബോർഡോയിലെ സാൻ-ലൂയി പള്ളിയുടെ അകംഭാഗം,ਬੋਰਡੋ ਦੇ ਸੈਂ-ਲੂਈ ਗਿਰਜਾਘਰ ਦਾ ਅੰਦਰੂਨੀ ਹਿੱਸਾ,बोर्डो के सैं-लुई गिरजाघर का भीतरी भाग,Interior da Igreja de Saint-Louis de Bordéus,Interior de la Iglesia de Saint-Louis de Burdeos,Interno della Chiesa di Saint-Louis a Bordeaux
alt,Interior view of Église Sainte-Madeleine-de-l'Île de Martigues,Vue intérieure de l'église Sainte-Madeleine-de-l'Île de Martigues,മാർട്ടിഗിലെ സാന്ത്-മദ്‌ലെൻ-ദെ-ലിൽ പള്ളിയുടെ അകംദൃശ്യം,ਮਾਰਤੀਗ ਦੇ ਸੈਂਤ-ਮਾਦਲੇਨ-ਦੇ-ਲਿਲ ਗਿਰਜਾਘਰ ਦਾ ਅੰਦਰੂਨੀ ਦ੍ਰਿਸ਼,मार्तिग के सैंत-मादलेन-दे-लिल गिरजाघर का भीतरी दृश्य,Vista interior da Igreja de Sainte-Madeleine-de-l'Île de Martigues,Vista interior de la Iglesia de Sainte-Madeleine-de-l'Île de Martigues,Vista interna della Chiesa di Sainte-Madeleine-de-l'Île a Martigues
alt,Jardin des plantes de Nantes in Winter (December),Jardin des plantes de Nantes en hiver (décembre),ശൈത്യകാലത്ത് നാന്തിലെ ജാർദാൻ ദേ പ്ലാന്ത് (ഡിസംബർ),ਸਰਦੀਆਂ ਵਿੱਚ ਨਾਂਤ ਦਾ ਜਾਰਦੈਂ ਦੇ ਪਲਾਂਤ (ਦਸੰਬਰ),सर्दियों में नांत का जारदां दे प्लांत (दिसंबर),Jardim das plantas de Nantes no inverno (dezembro),Jardín de plantas de Nantes en invierno (diciembre),Giardino delle piante di Nantes in inverno (dicembre)
alt,Leaning Tower of Pisa,Tour penchée de Pise,പിസയിലെ ചരിഞ്ഞ ഗോപുരം,ਪੀਸਾ ਦਾ ਝੁਕਿਆ ਮੀਨਾਰ,पीसा की झुकी मीनार,Torre Inclinada de Pisa,Torre Inclinada de Pisa,Torre di Pisa
alt,Lintel of Eglise Saint-Pierre de Clermont,Linteau de l'église Saint-Pierre de Clermont,ക്ലെർമോണിലെ സാൻ-പിയേർ പള്ളിയുടെ കട്ടിളമേൽപ്പടി,ਕਲੇਰਮੋਂ ਦੇ ਸੈਂ-ਪੀਅਰ ਗਿਰਜਾਘਰ ਦਾ ਸਰਦਲ,क्लेरमों के सैं-पियर गिरजाघर का सरदल,Lintel da Igreja de Saint-Pierre de Clermont,Dintel de la Iglesia de Saint-Pierre de Clermont,Architrave della Chiesa di Saint-Pierre a Clermont
alt,Main hall of the Musée d'Orsay,Hall principal du Musée d'Orsay,മ്യൂസെ ദോർസെയുടെ പ്രധാന ഹാൾ,ਮਿਊਜ਼ੇ ਦੋਰਸੇ ਦਾ ਮੁੱਖ ਹਾਲ,म्यूज़े दॉर्से का मुख्य हॉल,Salão principal do Museu d'Orsay,Sala principal del Museo de Orsay,Sala principale del Museo d'Orsay
alt,"March of the Nations towards the Cross, Strasbourg","Marche des nations vers la Croix, Strasbourg","കുരിശിലേക്കുള്ള രാഷ്ട്രങ്ങളുടെ പ്രയാണം, സ്ട്രാസ്ബൂർഗ്","ਸਲੀਬ ਵੱਲ ਕੌਮਾਂ ਦਾ ਮਾਰਚ, ਸਟ੍ਰਾਸਬੁਰਗ","क्रॉस की ओर राष्ट्रों का कूच, स्ट्रासबुर्ग","Marcha das Nações rumo à Cruz, Estrasburgo","Marcha de las Naciones hacia la Cruz, Estrasburgo","Marcia delle Nazioni verso la Croce, Strasburgo"
alt,Market square of Nowy Sącz cityscape,Place du marché de Nowy Sącz,നോവി-സോഞ്ച് നഗരദൃശ്യത്തിലെ ചന്തസ്ഥലം,ਨੋਵੀ-ਸੋਂਚ ਦੇ ਸ਼ਹਿਰੀ ਦ੍ਰਿਸ਼ ਦਾ ਬਾਜ਼ਾਰ ਚੌਕ,नोवी-सॉन्च नगरदृश्य का बाज़ार चौक,Praça do mercado de Nowy Sącz,Plaza del mercado de Nowy Sącz,Piazza del mercato di Nowy Sącz
alt,Matthias Church Roof Budapest,"Toit de l'église Matthias, Budapest","മത്തിയാസ് പള്ളിയുടെ മേൽക്കൂര, ബുഡാപെസ്റ്റ്","ਮੈਥਿਆਸ ਚਰਚ ਦੀ ਛੱਤ, ਬੁਡਾਪੇਸਟ","मथायस चर्च की छत, बुडापेस्ट","Telhado da Igreja de Matthias, Budapeste","Tejado de la Iglesia de Matías, Budapest","Tetto della Chiesa di Mattia, Budapest"
alt,Matthias Church at Night Budapest,"Église Matthias la nuit, Budapest","രാത്രിയിൽ മത്തിയാസ് പള്ളി, ബുഡാപെസ്റ്റ്","ਰਾਤ ਨੂੰ ਮੈਥਿਆਸ ਚਰਚ, ਬੁਡਾਪੇਸਟ","रात में मथायस चर्च, बुडापेस्ट","Igreja de Matthias à noite, Budapeste","Iglesia de Matías de noche, Budapest","Chiesa di Mattia di notte, Budapest"
alt,Mont Saint-Michel at sunset time,Mont Saint-Michel au coucher du soleil,സൂര്യാസ്തമയ സമയത്ത് മോൺ-സാൻ-മിഷേൽ,ਸੂਰਜ ਡੁੱਬਣ ਵੇਲੇ ਮੋਂ-ਸਾਂ-ਮੀਸ਼ੇਲ,सूर्यास्त के समय मों-सां-मिशेल,Monte Saint-Michel ao pôr do sol,Monte Saint-Michel al atardecer,Mont Saint-Michel al tramonto
alt,Nantes St Nicolas basilica (Virgin altar),Basilique Saint-Nicolas de Nantes (autel de la Vierge),നാന്ത് സെന്റ് നിക്കോളസ് ബസിലിക്ക (കന്യകയുടെ അൾത്താര),ਨਾਂਤ ਸੇਂਟ ਨਿਕੋਲਸ ਬੈਸਿਲਿਕਾ (ਕੁਆਰੀ ਮਰੀਅਮ ਦੀ ਵੇਦੀ),नांत सेंट निकोलस बेसिलिका (कुँवारी मरियम की वेदी),Basílica de São Nicolau de Nantes (altar da Virgem),Basílica de San Nicolás de Nantes (altar de la Virgen),Basilica di San Nicola di Nantes (altare della Vergine)
alt,Narbonne market hall,Halle de Narbonne,നാർബോൺ ചന്തമണ്ഡപം,ਨਾਰਬੋਨ ਬਾਜ਼ਾਰ ਹਾਲ,नारबोन बाज़ार हॉल,Mercado coberto de Narbonne,Mercado cubierto de Narbona,Mercato coperto di Narbonne
alt,National Garden Athens,"Jardin national, Athènes","ദേശീയ ഉദ്യാനം, ഏഥൻസ്","ਰਾਸ਼ਟਰੀ ਬਾਗ਼, ਏਥਨਜ਼","राष्ट्रीय उद्यान, एथेंस","Jardim Nacional, Atenas","Jardín Nacional, Atenas","Giardino Nazionale, Atene"
alt,Nave of the Cathedral of Granada,Nef de la cathédrale de Grenade,ഗ്രനാഡ കത്തീഡ്രലിന്റെ നടുത്തളം,ਗ੍ਰਾਨਾਦਾ ਦੇ ਕੈਥੇਡ੍ਰਲ ਦੀ ਨੇਵ,ग्रानादा के कैथेड्रल की नेव,Nave da Catedral de Granada,Nave de la Catedral de Granada,Navata della Cattedrale di Granada
alt,"Notre-Dame de Grâce, Clermont-Ferrand","Notre-Dame de Grâce, Clermont-Ferrand","നോത്ര്-ദാം ദെ ഗ്രാസ്, ക്ലെർമോൺ-ഫെറാൻ","ਨੋਤ੍ਰ-ਦਾਮ ਦੇ ਗ੍ਰਾਸ, ਕਲੇਰਮੋਂ-ਫੇਰਾਂ","नोत्र-दाम दे ग्रास, क्लेरमों-फेरां","Notre-Dame de Grâce, Clermont-Ferrand","Notre-Dame de Grâce, Clermont-Ferrand","Notre-Dame de Grâce, Clermont-Ferrand"
alt,Palais de l'Isle Annecy,"Palais de l'Isle, Annecy","പാലെ ദെ ലിൽ, ആനസി","ਪਾਲੇ ਦੇ ਲਿਲ, ਐਨੇਸੀ","पाले दे लिल, एनेसी","Palais de l'Isle, Annecy","Palais de l'Isle, Annecy","Palais de l'Isle, Annecy"
alt,Panoramic View of Clermont-Ferrand from Montjuzet Park,Vue panoramique de Clermont-Ferrand depuis le parc de Montjuzet,മൊൻഷ്യൂസെ പാർക്കിൽ നിന്നുള്ള ക്ലെർമോൺ-ഫെറാന്റെ സമഗ്രദൃശ്യം,ਮੋਂਜ਼ੂਜ਼ੇ ਪਾਰਕ ਤੋਂ ਕਲੇਰਮੋਂ-ਫੇਰਾਂ ਦਾ ਪੈਨੋਰਮਿਕ ਦ੍ਰਿਸ਼,मोंजूज़े पार्क से क्लेरमों-फेरां का विहंगम दृश्य,Vista panorâmica de Clermont-Ferrand a partir do Parque de Montjuzet,Vista panorámica de Clermont-Ferrand desde el Parque de Montjuzet,Vista panoramica di Clermont-Ferrand dal Parco di Montjuzet
alt,Panoramic view of Lyon,Vue panoramique de Lyon,ലിയോണിന്റെ സമഗ്രദൃശ്യം,ਲਿਓਂ ਦਾ ਪੈਨੋਰਮਿਕ ਦ੍ਰਿਸ਼,ल्यों का विहंगम दृश्य,Vista panorâmica de Lyon,Vista panorámica de Lyon,Vista panoramica di Lione
alt,Panoramic view of Lyon and trees,Vue panoramique de Lyon et des arbres,ലിയോണിന്റെയും വൃക്ഷങ്ങളുടെയും സമഗ്രദൃശ്യം,ਲਿਓਂ ਅਤੇ ਰੁੱਖਾਂ ਦਾ ਪੈਨੋਰਮਿਕ ਦ੍ਰਿਸ਼,ल्यों और वृक्षों का विहंगम दृश्य,Vista panorâmica de Lyon e árvores,Vista panorámica de Lyon y árboles,Vista panoramica di Lione e alberi
alt,Panoramics of Nantes,Panoramas de Nantes,നാന്തിന്റെ സമഗ്രദൃശ്യങ്ങൾ,ਨਾਂਤ ਦੇ ਪੈਨੋਰਮਿਕ ਦ੍ਰਿਸ਼,नांत के विहंगम दृश्य,Panorâmicas de Nantes,Panorámicas de Nantes,Panoramiche di Nantes
alt,Passage Pommeraye in Winter (December),Passage Pommeraye en hiver (décembre),ശൈത്യകാലത്ത് പസാഷ് പൊമ്മറെ (ഡിസംബർ),ਸਰਦੀਆਂ ਵਿੱਚ ਪਾਸਾਜ ਪੋਮਰੇ (ਦਸੰਬਰ),सर्दियों में पासाज पोमरे (दिसंबर),Passage Pommeraye no inverno (dezembro),Passage Pommeraye en invierno (diciembre),Passage Pommeraye in inverno (dicembre)
alt,Pipe organ of Basilique Saint-Nicolas (Nantes),Orgue de la basilique Saint-Nicolas (Nantes),സാൻ-നിക്കോള ബസിലിക്കയിലെ പൈപ്പ് ഓർഗൻ (നാന്ത്),ਸੈਂ-ਨਿਕੋਲਾ ਬੈਸਿਲਿਕਾ ਦਾ ਪਾਈਪ ਆਰਗਨ (ਨਾਂਤ),सैं-निकोला बेसिलिका का पाइप ऑर्गन (नांत),Órgão de tubos da Basílica Saint-Nicolas (Nantes),Órgano de tubos de la Basílica Saint-Nicolas (Nantes),Organo a canne della Basilica di Saint-Nicolas (Nantes)
alt,Pipe organ of Saint-Pierre-le-Jeune Protestant Church - Strasbourg,Orgue de l'église protestante Saint-Pierre-le-Jeune - Strasbourg,സാൻ-പിയേർ-ലെ-ഷ്യൂൻ പ്രൊട്ടസ്റ്റന്റ് പള്ളിയിലെ പൈപ്പ് ഓർഗൻ - സ്ട്രാസ്ബൂർഗ്,ਸੈਂ-ਪੀਅਰ-ਲੇ-ਜਨ ਪ੍ਰੋਟੈਸਟੈਂਟ ਗਿਰਜਾਘਰ ਦਾ ਪਾਈਪ ਆਰਗਨ - ਸਟ੍ਰਾਸਬੁਰਗ,सैं-पियर-ले-जन प्रोटेस्टेंट गिरजाघर का पाइप ऑर्गन - स्ट्रासबुर्ग,Órgão de tubos da Igreja Protestante Saint-Pierre-le-Jeune - Estrasburgo,Órgano de tubos de la Iglesia Protestante Saint-Pierre-le-Jeune - Estrasburgo,Organo a canne della Chiesa Protestante Saint-Pierre-le-Jeune - Strasburgo
alt,Pisa Cathedral,Cathédrale de Pise,പിസ കത്തീഡ്രൽ,ਪੀਸਾ ਕੈਥੇਡ੍ਰਲ,पीसा कैथेड्रल,Catedral de Pisa,Catedral de Pisa,Duomo di Pisa
alt,Pisa Cathedral Detail,Détail de la cathédrale de Pise,പിസ കത്തീഡ്രലിന്റെ വിശദാംശം,ਪੀਸਾ ਕੈਥੇਡ੍ਰਲ ਦਾ ਵੇਰਵਾ,पीसा कैथेड्रल का विवरण,Detalhe da Catedral de Pisa,Detalle de la Catedral de Pisa,Dettaglio del Duomo di Pisa
alt,Place du Marché aux Légumes (Saint-Malo),Place du Marché aux Légumes (Saint-Malo),പ്ലാസ് ദ്യൂ മാർഷെ ഓ ലെഗ്യൂം (സാൻ-മാലോ),ਪਲਾਸ ਦਯੂ ਮਾਰਸ਼ੇ ਓ ਲੇਗਯੂਮ (ਸੈਂ-ਮਾਲੋ),प्लास दयू मार्शे ओ लेग्यूम (सैं-मालो),Praça do Mercado de Legumes (Saint-Malo),Plaza del Mercado de Verduras (Saint-Malo),Piazza del Mercato delle Verdure (Saint-Malo)
alt,"Pont-Vieux (Carcassonne, Aude)","Pont-Vieux (Carcassonne, Aude)","പോൻ-വ്യൂ (കാർകസോൺ, ഓദ്)","ਪੋਂ-ਵਿਯੂ (ਕਾਰਕਾਸੋਨ, ਔਦ)","पों-व्यू (कारकासोन, औद)","Pont-Vieux (Carcassonne, Aude)","Pont-Vieux (Carcasona, Aude)","Pont-Vieux (Carcassonne, Aude)"
alt,Portal in Stary Sącz,Portail à Stary Sącz,സ്റ്റാരി-സോഞ്ചിലെ കവാടം,ਸਟਾਰੀ-ਸੋਂਚ ਵਿੱਚ ਦਵਾਰ,स्तारी-सॉन्च में प्रवेशद्वार,Portal em Stary Sącz,Portal en Stary Sącz,Portale a Stary Sącz
alt,"Portal of église Saint-Merri, Paris","Portail de l'église Saint-Merri, Paris","സാൻ-മെറി പള്ളിയുടെ കവാടം, പാരിസ്","ਸੈਂ-ਮੈਰੀ ਗਿਰਜਾਘਰ ਦਾ ਦਵਾਰ, ਪੈਰਿਸ","सैं-मेरी गिरजाघर का प्रवेशद्वार, पेरिस","Portal da Igreja de Saint-Merri, Paris","Portal de la Iglesia de Saint-Merri, París","Portale della Chiesa di Saint-Merri, Parigi"
alt,Porte Cailhau,Porte Cailhau,പോർട്ട് കായൂ,ਪੋਰਟ ਕਾਯੂ,पोर्त काइयू,Porte Cailhau,Porte Cailhau,Porte Cailhau
alt,"Porte Mordelaise, Rennes","Porte Mordelaise, Rennes","പോർട്ട് മോർദെലെസ്, റെന്ന","ਪੋਰਟ ਮੋਰਦੇਲੇਜ਼, ਰੇਨ","पोर्त मोर्देलेज़, रेन","Porte Mordelaise, Rennes","Porte Mordelaise, Rennes","Porte Mordelaise, Rennes"
alt,Porte Saint-Vincent (Saint-Malo),Porte Saint-Vincent (Saint-Malo),പോർട്ട് സാൻ-വാൻസാൻ (സാൻ-മാലോ),ਪੋਰਟ ਸੈਂ-ਵੈਂਸਾਂ (ਸੈਂ-ਮਾਲੋ),पोर्त सैं-वांसां (सैं-मालो),Porte Saint-Vincent (Saint-Malo),Porte Saint-Vincent (Saint-Malo),Porte Saint-Vincent (Saint-Malo)
alt,Prison Saint-Michel (Rennes),Prison Saint-Michel (Rennes),സാൻ-മിഷേൽ ജയിൽ (റെന്ന),ਸੈਂ-ਮੀਸ਼ੇਲ ਜੇਲ੍ਹ (ਰੇਨ),सैं-मिशेल जेल (रेन),Prisão Saint-Michel (Rennes),Prisión Saint-Michel (Rennes),Prigione Saint-Michel (Rennes)
alt,Pulpit of Église Saint-Merri,Chaire de l'église Saint-Merri,സാൻ-മെറി പള്ളിയുടെ പ്രസംഗപീഠം,ਸੈਂ-ਮੈਰੀ ਗਿਰਜਾਘਰ ਦਾ ਪ੍ਰਚਾਰ-ਮੰਚ,सैं-मेरी गिरजाघर का उपदेशमंच,Púlpito da Igreja de Saint-Merri,Púlpito de la Iglesia de Saint-Merri,Pulpito della Chiesa di Saint-Merri
alt,Pérouges,Pérouges,പേരൂജ്,ਪੇਰੂਜ,पेरूज,Pérouges,Pérouges,Pérouges
alt,Red flowers in Bilbao,Fleurs rouges à Bilbao,ബിൽബാവോയിലെ ചുവന്ന പൂക്കൾ,ਬਿਲਬਾਓ ਵਿੱਚ ਲਾਲ ਫੁੱਲ,बिलबाओ में लाल फूल,Flores vermelhas em Bilbao,Flores rojas en Bilbao,Fiori rossi a Bilbao
alt,"Reflection of building of Polish National Radio Symphony Orchestra, Katowice","Reflet du bâtiment de l'Orchestre symphonique national de la radio polonaise, Katowice","പോളിഷ് നാഷണൽ റേഡിയോ സിംഫണി ഓർക്കസ്ട്രയുടെ കെട്ടിടത്തിന്റെ പ്രതിഫലനം, കാറ്റോവിസ്","ਪੋਲਿਸ਼ ਨੈਸ਼ਨਲ ਰੇਡੀਓ ਸਿੰਫਨੀ ਆਰਕੈਸਟਰਾ ਦੀ ਇਮਾਰਤ ਦਾ ਪ੍ਰਤੀਬਿੰਬ, ਕਾਤੋਵੀਤਸੇ","पोलिश नेशनल रेडियो सिम्फनी ऑर्केस्ट्रा की इमारत का प्रतिबिंब, कातोवित्से","Reflexo do edifício da Orquestra Sinfónica Nacional da Rádio Polaca, Katowice","Reflejo del edificio de la Orquesta Sinfónica Nacional de la Radio Polaca, Katowice","Riflesso dell'edificio dell'Orchestra Sinfonica Nazionale della Radio Polacca, Katowice"
alt,Remote view of Mont Saint-Michel Abbey in the morning,Vue lointaine de l'abbaye du Mont Saint-Michel le matin,രാവിലെ മോൺ-സാൻ-മിഷേൽ ആശ്രമത്തിന്റെ ദൂരദൃശ്യം,ਸਵੇਰੇ ਮੋਂ-ਸਾਂ-ਮੀਸ਼ੇਲ ਦੇ ਮੱਠ ਦਾ ਦੂਰ ਦ੍ਰਿਸ਼,सुबह मों-सां-मिशेल मठ का दूर दृश्य,Vista distante da Abadia do Monte Saint-Michel pela manhã,Vista lejana de la Abadía del Monte Saint-Michel por la mañana,Veduta lontana dell'Abbazia di Mont Saint-Michel al mattino
alt,"Remote view of Santa Giustina, Padua","Vue lointaine de Santa Giustina, Padoue","സാന്താ ജ്യൂസ്റ്റീനയുടെ ദൂരദൃശ്യം, പാദുവ","ਸਾਂਤਾ ਜੂਸਤੀਨਾ ਦਾ ਦੂਰ ਦ੍ਰਿਸ਼, ਪਾਦੂਆ","सांता जुस्तीना का दूर दृश्य, पादुआ","Vista distante de Santa Giustina, Pádua","Vista lejana de Santa Giustina, Padua","Veduta lontana di Santa Giustina, Padova"
alt,"Riverside façade of Palais Rohan, Strasbourg","Façade côté rivière du Palais Rohan, Strasbourg","പാലെ റോഹാന്റെ നദീതീര മുൻഭാഗം, സ്ട്രാസ്ബൂർഗ്","ਪਾਲੇ ਰੋਹਾਂ ਦਾ ਨਦੀ-ਕੰਢੇ ਵਾਲਾ ਅਗਲਾ ਹਿੱਸਾ, ਸਟ੍ਰਾਸਬੁਰਗ","पाले रोहां का नदी किनारे वाला अग्रभाग, स्ट्रासबुर्ग","Fachada ribeirinha do Palais Rohan, Estrasburgo","Fachada junto al río del Palais Rohan, Estrasburgo","Facciata sul fiume del Palais Rohan, Strasburgo"
alt,Saint Austremoine Church Facade Issoire,"Façade de l'église Saint-Austremoine, Issoire","സെന്റ് ഓസ്ട്രെമൊയ്ൻ പള്ളിയുടെ മുൻഭാഗം, ഇസ്വാർ","ਸੇਂਟ ਆਸਤ੍ਰੇਮੋਇਨ ਗਿਰਜਾਘਰ ਦਾ ਅਗਲਾ ਹਿੱਸਾ, ਇਸਵਾਰ","सेंट ऑस्त्रेमोइन गिरजाघर का अग्रभाग, इस्वार","Fachada da Igreja de Saint-Austremoine, Issoire","Fachada de la Iglesia de Saint-Austremoine, Issoire","Facciata della Chiesa di Saint-Austremoine, Issoire"
alt,Saint Austremoine Church Interior Issoire,"Intérieur de l'église Saint-Austremoine, Issoire","സെന്റ് ഓസ്ട്രെമൊയ്ൻ പള്ളിയുടെ അകംഭാഗം, ഇസ്വാർ","ਸੇਂਟ ਆਸਤ੍ਰੇਮੋਇਨ ਗਿਰਜਾਘਰ ਦਾ ਅੰਦਰੂਨੀ ਹਿੱਸਾ, ਇਸਵਾਰ","सेंट ऑस्त्रेमोइन गिरजाघर का भीतरी भाग, इस्वार","Interior da Igreja de Saint-Austremoine, Issoire","Interior de la Iglesia de Saint-Austremoine, Issoire","Interno della Chiesa di Saint-Austremoine, Issoire"
alt,Saint Austremoine Church Issoire,"Église Saint-Austremoine, Issoire","സെന്റ് ഓസ്ട്രെമൊയ്ൻ പള്ളി, ഇസ്വാർ","ਸੇਂਟ ਆਸਤ੍ਰੇਮੋਇਨ ਗਿਰਜਾਘਰ, ਇਸਵਾਰ","सेंट ऑस्त्रेमोइन गिरजाघर, इस्वार","Igreja de Saint-Austremoine, Issoire","Iglesia de Saint-Austremoine, Issoire","Chiesa di Saint-Austremoine, Issoire"
alt,Sainte-Croix church of Lyon,Église Sainte-Croix de Lyon,ലിയോണിലെ സാന്ത്-ക്ര്വ പള്ളി,ਲਿਓਂ ਦਾ ਸੈਂਤ-ਕ੍ਰੂਆ ਗਿਰਜਾਘਰ,ल्यों का सैंत-क्रूआ गिरजाघर,Igreja de Sainte-Croix de Lyon,Iglesia de Sainte-Croix de Lyon,Chiesa di Sainte-Croix a Lione
alt,Sanctuary of Our Lady of Lourdes,Sanctuaire Notre-Dame de Lourdes,ലൂർദിലെ പരിശുദ്ധ കന്യാമറിയത്തിന്റെ തീർത്ഥകേന്ദ്രം,ਲੂਰਦ ਦੀ ਮਾਤਾ ਮਰੀਅਮ ਦਾ ਤੀਰਥ ਅਸਥਾਨ,लूर्द की देवी मरियम का तीर्थस्थल,Santuário de Nossa Senhora de Lourdes,Santuario de Nuestra Señora de Lourdes,Santuario di Nostra Signora di Lourdes
alt,"Silbermann pipe organ of Église Saint-Thomas, Strasbourg","Orgue Silbermann de l'église Saint-Thomas, Strasbourg","സാൻ-തോമ പള്ളിയിലെ സിൽബർമാൻ പൈപ്പ് ഓർഗൻ, സ്ട്രാസ്ബൂർഗ്","ਸੈਂ-ਤੋਮਾ ਗਿਰਜਾਘਰ ਦਾ ਸਿਲਬਰਮਾਨ ਪਾਈਪ ਆਰਗਨ, ਸਟ੍ਰਾਸਬੁਰਗ","सैं-तोमा गिरजाघर का सिल्बरमान पाइप ऑर्गन, स्ट्रासबुर्ग","Órgão de tubos Silbermann da Igreja de Saint-Thomas, Estrasburgo","Órgano de tubos Silbermann de la Iglesia de Saint-Thomas, Estrasburgo","Organo a canne Silbermann della Chiesa di Saint-Thomas, Strasburgo"
alt,"Skyscrapers, Katowice","Gratte-ciel, Katowice","അംബരചുംബികൾ, കാറ്റോവിസ്","ਅਸਮਾਨ-ਛੂਹ ਇਮਾਰਤਾਂ, ਕਾਤੋਵੀਤਸੇ","गगनचुंबी इमारतें, कातोवित्से","Arranha-céus, Katowice","Rascacielos, Katowice","Grattacieli, Katowice"
alt,Snow in Montjuzet park,Neige dans le parc de Montjuzet,മൊൻഷ്യൂസെ പാർക്കിലെ മഞ്ഞ്,ਮੋਂਜ਼ੂਜ਼ੇ ਪਾਰਕ ਵਿੱਚ ਬਰਫ਼,मोंजूज़े पार्क में बर्फ़,Neve no parque de Montjuzet,Nieve en el parque de Montjuzet,Neve nel parco di Montjuzet
alt,South portal of Notre-Dame du Port,Portail sud de Notre-Dame du Port,നോത്ര്-ദാം ദ്യൂ പോറിന്റെ തെക്കേ കവാടം,ਨੋਤ੍ਰ-ਦਾਮ ਦਯੂ ਪੋਰ ਦਾ ਦੱਖਣੀ ਦਵਾਰ,नोत्र-दाम दयू पोर का दक्षिणी प्रवेशद्वार,Portal sul de Notre-Dame du Port,Portal sur de Notre-Dame du Port,Portale sud di Notre-Dame du Port
alt,Stained glass windows of the Basilique Saint-Nazaire de Carcassonne,Vitraux de la basilique Saint-Nazaire de Carcassonne,കാർകസോണിലെ സാൻ-നസേർ ബസിലിക്കയുടെ സ്റ്റെയിൻഡ് ഗ്ലാസ് ജനാലകൾ,ਕਾਰਕਾਸੋਨ ਦੀ ਸੈਂ-ਨਜ਼ੇਰ ਬੈਸਿਲਿਕਾ ਦੀਆਂ ਰੰਗਦਾਰ ਕੱਚ ਦੀਆਂ ਖਿੜਕੀਆਂ,कारकासोन की सैं-नजेर बेसिलिका की रंगीन काँच की खिड़कियाँ,Vitrais da Basílica de Saint-Nazaire de Carcassonne,Vidrieras de la Basílica de Saint-Nazaire de Carcasona,Vetrate della Basilica di Saint-Nazaire a Carcassonne
alt,Station of Stary Sącz,Gare de Stary Sącz,സ്റ്റാരി-സോഞ്ചിലെ സ്റ്റേഷൻ,ਸਟਾਰੀ-ਸੋਂਚ ਦਾ ਸਟੇਸ਼ਨ,स्तारी-सॉन्च का स्टेशन,Estação de Stary Sącz,Estación de Stary Sącz,Stazione di Stary Sącz
alt,Statue in Tibidabo,Statue au Tibidabo,തിബിദാബോയിലെ പ്രതിമ,ਤਿਬਿਦਾਬੋ ਵਿੱਚ ਮੂਰਤੀ,तिबिदाबो में प्रतिमा,Estátua no Tibidabo,Estatua en el Tibidabo,Statua al Tibidabo
alt,Statue of Giuseppe Verdi in Bilbao,Statue de Giuseppe Verdi à Bilbao,ബിൽബാവോയിലെ ജ്യൂസെപ്പെ വെർദിയുടെ പ്രതിമ,ਬਿਲਬਾਓ ਵਿੱਚ ਜੂਜ਼ੈੱਪੇ ਵਰਦੀ ਦੀ ਮੂਰਤੀ,बिलबाओ में ज्यूसेप्पे वर्दी की प्रतिमा,Estátua de Giuseppe Verdi em Bilbao,Estatua de Giuseppe Verdi en Bilbao,Statua di Giuseppe Verdi a Bilbao
alt,"Statue of man playing guitar, Katowice","Statue d'un homme jouant de la guitare, Katowice","ഗിറ്റാർ വായിക്കുന്ന മനുഷ്യന്റെ പ്രതിമ, കാറ്റോവിസ്","ਗਿਟਾਰ ਵਜਾਉਂਦੇ ਆਦਮੀ ਦੀ ਮੂਰਤੀ, ਕਾਤੋਵੀਤਸੇ","गिटार बजाते आदमी की प्रतिमा, कातोवित्से","Estátua de homem tocando guitarra, Katowice","Estatua de hombre tocando la guitarra, Katowice","Statua di un uomo che suona la chitarra, Katowice"
alt,Street benches in Katowice,Bancs publics à Katowice,കാറ്റോവിസിലെ തെരുവ് ബെഞ്ചുകൾ,ਕਾਤੋਵੀਤਸੇ ਵਿੱਚ ਗਲੀ ਦੇ ਬੈਂਚ,कातोवित्से में सड़क की बेंचें,Bancos de rua em Katowice,Bancos de calle en Katowice,Panchine di strada a Katowice
alt,Street light Stockholm,"Lampadaire, Stockholm","തെരുവുവിളക്ക്, സ്റ്റോക്ക്ഹോം","ਗਲੀ ਦੀ ਰੋਸ਼ਨੀ, ਸਟਾਕਹੋਮ","सड़क की बत्ती, स्टॉकहोम","Candeeiro de rua, Estocolmo","Farola, Estocolmo","Lampione, Stoccolma"
alt,Street light in Bilbao,Lampadaire à Bilbao,ബിൽബാവോയിലെ തെരുവുവിളക്ക്,ਬਿਲਬਾਓ ਵਿੱਚ ਗਲੀ ਦੀ ਰੋਸ਼ਨੀ,बिलबाओ में सड़क की बत्ती,Candeeiro de rua em Bilbao,Farola en Bilbao,Lampione a Bilbao
alt,Street light in Granada,Lampadaire à Grenade,ഗ്രനാഡയിലെ തെരുവുവിളക്ക്,ਗ੍ਰਾਨਾਦਾ ਵਿੱਚ ਗਲੀ ਦੀ ਰੋਸ਼ਨੀ,ग्रानादा में सड़क की बत्ती,Candeeiro de rua em Granada,Farola en Granada,Lampione a Granada
alt,Street light in Nowy Sącz,Lampadaire à Nowy Sącz,നോവി-സോഞ്ചിലെ തെരുവുവിളക്ക്,ਨੋਵੀ-ਸੋਂਚ ਵਿੱਚ ਗਲੀ ਦੀ ਰੋਸ਼ਨੀ,नोवी-सॉन्च में सड़क की बत्ती,Candeeiro de rua em Nowy Sącz,Farola en Nowy Sącz,Lampione a Nowy Sącz
alt,Street light in Stary Sącz,Lampadaire à Stary Sącz,സ്റ്റാരി-സോഞ്ചിലെ തെരുവുവിളക്ക്,ਸਟਾਰੀ-ਸੋਂਚ ਵਿੱਚ ਗਲੀ ਦੀ ਰੋਸ਼ਨੀ,स्तारी-सॉन्च में सड़क की बत्ती,Candeeiro de rua em Stary Sącz,Farola en Stary Sącz,Lampione a Stary Sącz
alt,Street light in Turin,Lampadaire à Turin,ടൂറിനിലെ തെരുവുവിളക്ക്,ਟੂਰਿਨ ਵਿੱਚ ਗਲੀ ਦੀ ਰੋਸ਼ਨੀ,तूरिन में सड़क की बत्ती,Candeeiro de rua em Turim,Farola en Turín,Lampione a Torino
alt,Street light in Vaise,Lampadaire à Vaise,വെയ്‌സിലെ തെരുവുവിളക്ക്,ਵੇਜ਼ ਵਿੱਚ ਗਲੀ ਦੀ ਰੋਸ਼ਨੀ,वेज़ में सड़क की बत्ती,Candeeiro de rua em Vaise,Farola en Vaise,Lampione a Vaise
alt,Street light of Abbey of Mont Saint-Michel,Lampadaire de l'abbaye du Mont Saint-Michel,മോൺ-സാൻ-മിഷേൽ ആശ്രമത്തിലെ തെരുവുവിളക്ക്,ਮੋਂ-ਸਾਂ-ਮੀਸ਼ੇਲ ਦੇ ਮੱਠ ਦੀ ਗਲੀ ਦੀ ਰੋਸ਼ਨੀ,मों-सां-मिशेल के मठ की सड़क की बत्ती,Candeeiro de rua da Abadia do Monte Saint-Michel,Farola de la Abadía del Monte Saint-Michel,Lampione dell'Abbazia di Mont Saint-Michel
alt,Street lights detail Bologna,"Détail des lampadaires, Bologne","തെരുവുവിളക്കുകളുടെ വിശദാംശം, ബൊലോഞ്ഞ","ਗਲੀ ਦੀਆਂ ਰੋਸ਼ਨੀਆਂ ਦਾ ਵੇਰਵਾ, ਬੋਲੋਨਿਆ","सड़क की बत्तियों का विवरण, बोलोन्या","Detalhe dos candeeiros de rua, Bolonha","Detalle de las farolas, Bolonia","Dettaglio dei lampioni, Bologna"
alt,Street lights in Bologna,Lampadaires à Bologne,ബൊലോഞ്ഞയിലെ തെരുവുവിളക്കുകൾ,ਬੋਲੋਨਿਆ ਵਿੱਚ ਗਲੀ ਦੀਆਂ ਰੋਸ਼ਨੀਆਂ,बोलोन्या में सड़क की बत्तियाँ,Candeeiros de rua em Bolonha,Farolas en Bolonia,Lampioni a Bologna
alt,Street lights in Nantes,Lampadaires à Nantes,നാന്തിലെ തെരുവുവിളക്കുകൾ,ਨਾਂਤ ਵਿੱਚ ਗਲੀ ਦੀਆਂ ਰੋਸ਼ਨੀਆਂ,नांत में सड़क की बत्तियाँ,Candeeiros de rua em Nantes,Farolas en Nantes,Lampioni a Nantes
alt,Street view in Carcassonne,Vue de rue à Carcassonne,കാർകസോണിലെ തെരുവ് ദൃശ്യം,ਕਾਰਕਾਸੋਨ ਵਿੱਚ ਗਲੀ ਦਾ ਦ੍ਰਿਸ਼,कारकासोन में सड़क का दृश्य,Vista de rua em Carcassonne,Vista de calle en Carcasona,Vista della strada a Carcassonne
alt,Sunset and reflection of clouds in Venice,Coucher de soleil et reflet des nuages à Venise,വെനീസിലെ സൂര്യാസ്തമയവും മേഘങ്ങളുടെ പ്രതിഫലനവും,ਵੇਨਿਸ ਵਿੱਚ ਸੂਰਜ ਡੁੱਬਣਾ ਅਤੇ ਬੱਦਲਾਂ ਦਾ ਪ੍ਰਤੀਬਿੰਬ,वेनिस में सूर्यास्त और बादलों का प्रतिबिंब,Pôr do sol e reflexo das nuvens em Veneza,Atardecer y reflejo de las nubes en Venecia,Tramonto e riflesso delle nuvole a Venezia
alt,Sunset viewed at Mons,Coucher de soleil vu à Mons,മോൺസിൽ കണ്ട സൂര്യാസ്തമയം,ਮੋਂਸ ਵਿੱਚ ਦੇਖਿਆ ਸੂਰਜ ਡੁੱਬਣਾ,मॉन्स में देखा गया सूर्यास्त,Pôr do sol visto em Mons,Atardecer visto en Mons,Tramonto visto a Mons
alt,"Sunset, Le Grand Crohot","Coucher de soleil, Le Grand Crohot","സൂര്യാസ്തമയം, ലെ ഗ്രാൻ ക്രോവോ","ਸੂਰਜ ਡੁੱਬਣਾ, ਲੇ ਗ੍ਰਾਂ ਕ੍ਰੋਓ","सूर्यास्त, ले ग्रां क्रोओ","Pôr do sol, Le Grand Crohot","Atardecer, Le Grand Crohot","Tramonto, Le Grand Crohot"
alt,"Sunset, Pic-Saint-Loup","Coucher de soleil, Pic-Saint-Loup","സൂര്യാസ്തമയം, പിക്-സാൻ-ലൂ","ਸੂਰਜ ਡੁੱਬਣਾ, ਪਿਕ-ਸੈਂ-ਲੂ","सूर्यास्त, पिक-सैं-लू","Pôr do sol, Pic-Saint-Loup","Atardecer, Pic-Saint-Loup","Tramonto, Pic-Saint-Loup"
alt,"Sunset, Plage du Môle (Saint-Malo)","Coucher de soleil, Plage du Môle (Saint-Malo)","സൂര്യാസ്തമയം, പ്ലാഷ് ദ്യൂ മോൾ (സാൻ-മാലോ)","ਸੂਰਜ ਡੁੱਬਣਾ, ਪਲਾਜ ਦਯੂ ਮੋਲ (ਸੈਂ-ਮਾਲੋ)","सूर्यास्त, प्लाज दयू मोल (सैं-मालो)","Pôr do sol, Plage du Môle (Saint-Malo)","Atardecer, Plage du Môle (Saint-Malo)","Tramonto, Plage du Môle (Saint-Malo)"
alt,Temple of Hephaestus Athens,"Temple d'Héphaïstos, Athènes","ഹെഫെസ്റ്റസ് ക്ഷേത്രം, ഏഥൻസ്","ਹੇਫੈਸਟਸ ਦਾ ਮੰਦਰ, ਏਥਨਜ਼","हेफ़ेस्तस का मंदिर, एथेंस","Templo de Hefesto, Atenas","Templo de Hefesto, Atenas","Tempio di Efesto, Atene"
alt,Tree in Autumn in Mons at Sunset,Arbre en automne à Mons au coucher du soleil,സൂര്യാസ്തമയത്തിൽ മോൺസിലെ ശരത്കാല വൃക്ഷം,ਸੂਰਜ ਡੁੱਬਣ ਵੇਲੇ ਮੋਂਸ ਵਿੱਚ ਪਤਝੜ ਦਾ ਰੁੱਖ,सूर्यास्त के समय मॉन्स में शरद ऋतु का पेड़,Árvore no outono em Mons ao pôr do sol,Árbol en otoño en Mons al atardecer,Albero in autunno a Mons al tramonto
alt,Trees in Mont Saint-Michel in Winter (December),Arbres au Mont Saint-Michel en hiver (décembre),ശൈത്യകാലത്ത് മോൺ-സാൻ-മിഷേലിലെ വൃക്ഷങ്ങൾ (ഡിസംബർ),ਸਰਦੀਆਂ ਵਿੱਚ ਮੋਂ-ਸਾਂ-ਮੀਸ਼ੇਲ ਦੇ ਰੁੱਖ (ਦਸੰਬਰ),सर्दियों में मों-सां-मिशेल के पेड़ (दिसंबर),Árvores no Monte Saint-Michel no inverno (dezembro),Árboles en el Monte Saint-Michel en invierno (diciembre),Alberi a Mont Saint-Michel in inverno (dicembre)
alt,"Trees, Lempdes, Auvergne","Arbres, Lempdes, Auvergne","വൃക്ഷങ്ങൾ, ലെംപ്‌ദ്, ഓവേർഞ്","ਰੁੱਖ, ਲਾਂਪਦ, ਓਵੇਰਞ","वृक्ष, लांप्द, ओवेर्ञ","Árvores, Lempdes, Auvergne","Árboles, Lempdes, Auvernia","Alberi, Lempdes, Alvernia"
alt,"Twilight, Plage du Môle (Saint-Malo)","Crépuscule, Plage du Môle (Saint-Malo)","സന്ധ്യ, പ്ലാഷ് ദ്യൂ മോൾ (സാൻ-മാലോ)","ਸ਼ਾਮ ਦਾ ਘੁਸਮੁਸਾ, ਪਲਾਜ ਦਯੂ ਮੋਲ (ਸੈਂ-ਮਾਲੋ)","गोधूलि, प्लाज दयू मोल (सैं-मालो)","Crepúsculo, Plage du Môle (Saint-Malo)","Crepúsculo, Plage du Môle (Saint-Malo)","Crepuscolo, Plage du Môle (Saint-Malo)"
alt,Tympanum of the central portal of the western facade of Notre-Dame de Strasbourg,Tympan du portail central de la façade occidentale de Notre-Dame de Strasbourg,നോത്ര്-ദാം ദെ സ്ട്രാസ്ബൂർഗിന്റെ പടിഞ്ഞാറൻ മുൻഭാഗത്തെ കേന്ദ്ര കവാടത്തിന്റെ ടിംപനം,ਨੋਤ੍ਰ-ਦਾਮ ਦੇ ਸਟ੍ਰਾਸਬੁਰਗ ਦੇ ਪੱਛਮੀ ਅਗਲੇ ਹਿੱਸੇ ਦੇ ਕੇਂਦਰੀ ਦਵਾਰ ਦਾ ਟਿੰਪਨਮ,नोत्र-दाम दे स्ट्रासबुर्ग के पश्चिमी अग्रभाग के केंद्रीय प्रवेशद्वार का टिम्पैनम,Tímpano do portal central da fachada ocidental de Notre-Dame de Estrasburgo,Tímpano del portal central de la fachada occidental de Notre-Dame de Estrasburgo,Timpano del portale centrale della facciata occidentale di Notre-Dame di Strasburgo
alt,"Victoire de Samothrace, Montpellier","Victoire de Samothrace, Montpellier","വിക്ത്വാർ ദെ സമോത്രാസ്, മോംപെലിയേ","ਵਿਕਤੁਆਰ ਦੇ ਸਮੋਤ੍ਰਾਸ, ਮੋਂਪੇਲੀਏ","विकत्वार दे समोत्रास, मोंपेलिये","Vitória de Samotrácia, Montpellier","Victoria de Samotracia, Montpellier","Vittoria di Samotracia, Montpellier"
alt,View of Château de Châteauvieux from Lake Annecy,Vue du Château de Châteauvieux depuis le lac d'Annecy,ആനസി തടാകത്തിൽ നിന്നുള്ള ഷാറ്റോ ദെ ഷാറ്റോവ്യൂവിന്റെ ദൃശ്യം,ਐਨੇਸੀ ਝੀਲ ਤੋਂ ਸ਼ਾਤੋ ਦੇ ਸ਼ਾਤੋਵੀਯੂ ਦਾ ਦ੍ਰਿਸ਼,एनेसी झील से शातो दे शातोव्यू का दृश्य,Vista do Château de Châteauvieux a partir do Lago de Annecy,Vista del Château de Châteauvieux desde el lago de Annecy,Veduta del Château de Châteauvieux dal Lago di Annecy
alt,View of John Paul II Altar in Stary Sącz,Vue de l'autel Jean-Paul II à Stary Sącz,സ്റ്റാരി-സോഞ്ചിലെ ജോൺ പോൾ രണ്ടാമൻ അൾത്താരയുടെ ദൃശ്യം,ਸਟਾਰੀ-ਸੋਂਚ ਵਿੱਚ ਜੌਨ ਪੌਲ ਦੂਜੇ ਦੀ ਵੇਦੀ ਦਾ ਦ੍ਰਿਸ਼,स्तारी-सॉन्च में जॉन पॉल द्वितीय की वेदी का दृश्य,Vista do altar de João Paulo II em Stary Sącz,Vista del altar de Juan Pablo II en Stary Sącz,Veduta dell'altare di Giovanni Paolo II a Stary Sącz
alt,View of Nowy Sącz,Vue de Nowy Sącz,നോവി-സോഞ്ചിന്റെ ദൃശ്യം,ਨੋਵੀ-ਸੋਂਚ ਦਾ ਦ੍ਰਿਸ਼,नोवी-सॉन्च का दृश्य,Vista de Nowy Sącz,Vista de Nowy Sącz,Veduta di Nowy Sącz
alt,View of Nowy Sącz cityscape,Vue panoramique de Nowy Sącz,നോവി-സോഞ്ച് നഗരദൃശ്യം,ਨੋਵੀ-ਸੋਂਚ ਦੇ ਸ਼ਹਿਰੀ ਦ੍ਰਿਸ਼ ਦਾ ਨਜ਼ਾਰਾ,नोवी-सॉन्च नगरदृश्य का नज़ारा,Vista da paisagem urbana de Nowy Sącz,Vista del paisaje urbano de Nowy Sącz,Veduta del paesaggio urbano di Nowy Sącz
alt,View of Saint-Malo Beach,Vue de la plage de Saint-Malo,സാൻ-മാലോ കടൽത്തീരത്തിന്റെ ദൃശ്യം,ਸੈਂ-ਮਾਲੋ ਬੀਚ ਦਾ ਦ੍ਰਿਸ਼,सैं-मालो समुद्र तट का दृश्य,Vista da praia de Saint-Malo,Vista de la playa de Saint-Malo,Veduta della spiaggia di Saint-Malo
alt,View of high altar of Annecy cathedral,Vue du maître-autel de la cathédrale d'Annecy,ആനസി കത്തീഡ്രലിന്റെ പ്രധാന അൾത്താരയുടെ ദൃശ്യം,ਐਨੇਸੀ ਕੈਥੇਡ੍ਰਲ ਦੀ ਮੁੱਖ ਵੇਦੀ ਦਾ ਦ੍ਰਿਸ਼,एनेसी कैथेड्रल की मुख्य वेदी का दृश्य,Vista do altar-mor da catedral de Annecy,Vista del altar mayor de la catedral de Annecy,Veduta dell'altare maggiore della cattedrale di Annecy
alt,View of main organ of Annecy cathedral,Vue de l'orgue principal de la cathédrale d'Annecy,ആനസി കത്തീഡ്രലിന്റെ പ്രധാന ഓർഗന്റെ ദൃശ്യം,ਐਨੇਸੀ ਕੈਥੇਡ੍ਰਲ ਦੇ ਮੁੱਖ ਆਰਗਨ ਦਾ ਦ੍ਰਿਸ਼,एनेसी कैथेड्रल के मुख्य ऑर्गन का दृश्य,Vista do órgão principal da catedral de Annecy,Vista del órgano principal de la catedral de Annecy,Veduta dell'organo principale della cattedrale di Annecy
alt,Vitraux de la cathédrale Saint-Vincent de Saint-Malo,Vitraux de la cathédrale Saint-Vincent de Saint-Malo,സാൻ-മാലോയിലെ സാൻ-വാൻസാൻ കത്തീഡ്രലിന്റെ സ്റ്റെയിൻഡ് ഗ്ലാസ് ജനാലകൾ,ਸੈਂ-ਮਾਲੋ ਦੇ ਸੈਂ-ਵੈਂਸਾਂ ਕੈਥੇਡ੍ਰਲ ਦੀਆਂ ਰੰਗਦਾਰ ਕੱਚ ਦੀਆਂ ਖਿੜਕੀਆਂ,सैं-मालो के सैं-वांसां कैथेड्रल की रंगीन काँच की खिड़कियाँ,Vitrais da Catedral de Saint-Vincent de Saint-Malo,Vidrieras de la Catedral de Saint-Vincent de Saint-Malo,Vetrate della Cattedrale di Saint-Vincent a Saint-Malo
alt,Walls at Knossos Heraklion,"Murs à Knossos, Héraklion","ക്നോസോസിലെ ചുവരുകൾ, ഹെറാക്ലിയോൺ","ਕਨੋਸੋਸ ਦੀਆਂ ਕੰਧਾਂ, ਹੇਰਾਕਲਿਓਨ","क्नोसोस की दीवारें, हेराक्लिओन","Muros em Cnossos, Heraclião","Muros en Cnosos, Heraclión","Mura a Cnosso, Heraklion"
alt,"Water reflections of trees, Parc de la Tête d'Or","Reflets des arbres dans l'eau, Parc de la Tête d'Or","വൃക്ഷങ്ങളുടെ ജലപ്രതിഫലനങ്ങൾ, പാർക് ദെ ലാ തെത് ദോർ","ਰੁੱਖਾਂ ਦੇ ਪਾਣੀ ਵਿਚਲੇ ਪ੍ਰਤੀਬਿੰਬ, ਪਾਰਕ ਦੇ ਲਾ ਤੇਤ ਦੋਰ","वृक्षों के जल-प्रतिबिंब, पार्क दे ला तेत दोर","Reflexos das árvores na água, Parc de la Tête d'Or","Reflejos de los árboles en el agua, Parc de la Tête d'Or","Riflessi degli alberi nell'acqua, Parc de la Tête d'Or"
alt,West facade of Cathédrale Saint-Pierre de Rennes,Façade ouest de la cathédrale Saint-Pierre de Rennes,റെന്നയിലെ സാൻ-പിയേർ കത്തീഡ്രലിന്റെ പടിഞ്ഞാറൻ മുൻഭാഗം,ਰੇਨ ਦੇ ਸੈਂ-ਪੀਅਰ ਕੈਥੇਡ੍ਰਲ ਦਾ ਪੱਛਮੀ ਅਗਲਾ ਹਿੱਸਾ,रेन के सैं-पियर कैथेड्रल का पश्चिमी अग्रभाग,Fachada oeste da Catedral de Saint-Pierre de Rennes,Fachada oeste de la Catedral de Saint-Pierre de Rennes,Facciata ovest della Cattedrale di Saint-Pierre a Rennes
alt,Windows of Wartburg Castle,Fenêtres du château de la Wartburg,വാർട്ട്‌ബർഗ് കോട്ടയുടെ ജനാലകൾ,ਵਾਰਟਬਰਗ ਕਿਲ੍ਹੇ ਦੀਆਂ ਖਿੜਕੀਆਂ,वार्टबुर्ग किले की खिड़कियाँ,Janelas do Castelo de Wartburg,Ventanas del Castillo de Wartburg,Finestre del Castello di Wartburg
alt,"Windows, Pérouges","Fenêtres, Pérouges","ജനാലകൾ, പേരൂജ്","ਖਿੜਕੀਆਂ, ਪੇਰੂਜ","खिड़कियाँ, पेरूज","Janelas, Pérouges","Ventanas, Pérouges","Finestre, Pérouges"
alt,Église Notre-Dame-de-la-Nativité de Mons at Sunset,Église Notre-Dame-de-la-Nativité de Mons au coucher du soleil,സൂര്യാസ്തമയത്തിൽ മോൺസിലെ നോത്ര്-ദാം-ദെ-ലാ-നാറ്റിവിറ്റേ പള്ളി,ਸੂਰਜ ਡੁੱਬਣ ਵੇਲੇ ਮੋਂਸ ਦਾ ਨੋਤ੍ਰ-ਦਾਮ-ਦੇ-ਲਾ-ਨਾਤੀਵੀਤੇ ਗਿਰਜਾਘਰ,सूर्यास्त के समय मॉन्स का नोत्र-दाम-दे-ला-नातिविते गिरजाघर,Igreja Notre-Dame-de-la-Nativité de Mons ao pôr do sol,Iglesia Notre-Dame-de-la-Nativité de Mons al atardecer,Chiesa di Notre-Dame-de-la-Nativité a Mons al tramonto
alt,Église Saint-Aubin Toulouse,"Église Saint-Aubin, Toulouse","സാൻ-ഓബാൻ പള്ളി, തുലൂസ്","ਸੈਂ-ਓਬੈਂ ਗਿਰਜਾਘਰ, ਤੁਲੂਜ਼","सैं-ओबें गिरजाघर, तुलूज","Igreja de Saint-Aubin, Toulouse","Iglesia de Saint-Aubin, Tolosa","Chiesa di Saint-Aubin, Tolosa"
alt,Église Saint-Louis de Bordeaux,Église Saint-Louis de Bordeaux,ബോർഡോയിലെ സാൻ-ലൂയി പള്ളി,ਬੋਰਡੋ ਦਾ ਸੈਂ-ਲੂਈ ਗਿਰਜਾਘਰ,बोर्डो का सैं-लुई गिरजाघर,Igreja de Saint-Louis de Bordéus,Iglesia de Saint-Louis de Burdeos,Chiesa di Saint-Louis a Bordeaux
alt,Église Saint-Pierre-aux-Liens (Moissat-Bas),Église Saint-Pierre-aux-Liens (Moissat-Bas),സാൻ-പിയേർ-ഓ-ലിയാൻ പള്ളി (മോയ്സ-ബാ),ਸੈਂ-ਪੀਅਰ-ਓ-ਲੀਆਂ ਗਿਰਜਾਘਰ (ਮੋਇਸਾ-ਬਾ),सैं-पियर-ओ-लियां गिरजाघर (मोइसा-बा),Igreja de Saint-Pierre-aux-Liens (Moissat-Bas),Iglesia de Saint-Pierre-aux-Liens (Moissat-Bas),Chiesa di Saint-Pierre-aux-Liens (Moissat-Bas)
alt,Église Saint-Pothin (Lyon),Église Saint-Pothin (Lyon),സാൻ-പോത്താൻ പള്ളി (ലിയോൺ),ਸੈਂ-ਪੋਤੈਂ ਗਿਰਜਾਘਰ (ਲਿਓਂ),सैं-पोतें गिरजाघर (ल्यों),Igreja de Saint-Pothin (Lyon),Iglesia de Saint-Pothin (Lyon),Chiesa di Saint-Pothin (Lione)
alt,Église Saint-Sébastien de Narbonne,Église Saint-Sébastien de Narbonne,നാർബോണിലെ സാൻ-സെബാസ്ത്യാൻ പള്ളി,ਨਾਰਬੋਨ ਦਾ ਸੈਂ-ਸੇਬਾਸਤੀਅਨ ਗਿਰਜਾਘਰ,नारबोन का सैं-सेबास्तिएं गिरजाघर,Igreja de Saint-Sébastien de Narbonne,Iglesia de Saint-Sébastien de Narbona,Chiesa di Saint-Sébastien a Narbonne
alt,Église Sainte-Anne de Montpellier,Église Sainte-Anne de Montpellier,മോംപെലിയേയിലെ സാന്ത്-ആൻ പള്ളി,ਮੋਂਪੇਲੀਏ ਦਾ ਸੈਂਤ-ਆਨ ਗਿਰਜਾਘਰ,मोंपेलिये का सैंत-आन गिरजाघर,Igreja de Sainte-Anne de Montpellier,Iglesia de Sainte-Anne de Montpellier,Chiesa di Sainte-Anne a Montpellier
alt,Église Sainte-Madeleine-de-l'Île de Martigues,Église Sainte-Madeleine-de-l'Île de Martigues,മാർട്ടിഗിലെ സാന്ത്-മദ്‌ലെൻ-ദെ-ലിൽ പള്ളി,ਮਾਰਤੀਗ ਦਾ ਸੈਂਤ-ਮਾਦਲੇਨ-ਦੇ-ਲਿਲ ਗਿਰਜਾਘਰ,मार्तिग का सैंत-मादलेन-दे-लिल गिरजाघर,Igreja de Sainte-Madeleine-de-l'Île de Martigues,Iglesia de Sainte-Madeleine-de-l'Île de Martigues,Chiesa di Sainte-Madeleine-de-l'Île a Martigues
alt,Église de Sainte Cécile de Loupian,Église Sainte-Cécile de Loupian,ലൂപ്പിയാനിലെ സാന്ത്-സെസീൽ പള്ളി,ਲੂਪਿਆਂ ਦਾ ਸੈਂਤ-ਸੇਸੀਲ ਗਿਰਜਾਘਰ,लूपियां का सैंत-सेसील गिरजाघर,Igreja de Sainte-Cécile de Loupian,Iglesia de Sainte-Cécile de Loupian,Chiesa di Sainte-Cécile a Loupian
alt,Église du Bon-Pasteur (Lyon),Église du Bon-Pasteur (Lyon),ബോൺ-പാസ്ത്യൂർ പള്ളി (ലിയോൺ),ਬੋਂ-ਪਾਸਤਯੂਰ ਗਿਰਜਾਘਰ (ਲਿਓਂ),बों-पास्तर गिरजाघर (ल्यों),Igreja do Bom Pastor (Lyon),Iglesia del Buen Pastor (Lyon),Chiesa del Buon Pastore (Lione)
caption,Abbey,Abbaye,ആശ്രമം,ਮੱਠ,मठ,Abadia,Abadía,Abbazia
caption,Alhambra,Alhambra,അൽഹാംബ്ര,ਅਲਹਾਮਬਰਾ,अलहाम्ब्रा,Alhambra,Alhambra,Alhambra
caption,Altar,Autel,അൾത്താര,ਵੇਦੀ,वेदी,Altar,Altar,Altare
caption,Annecy,Annecy,ആനസി,ਐਨੇਸੀ,एनेसी,Annecy,Annecy,Annecy
caption,Arch,Arche,കമാനം,ਮਿਹਰਾਬ,मेहराब,Arco,Arco,Arco
caption,Arles,Arles,ആർൽ,ਆਰਲ,आर्ल,Arles,Arlés,Arles
caption,Athens,Athènes,ഏഥൻസ്,ਏਥਨਜ਼,एथेंस,Atenas,Atenas,Atene
caption,Autumn,Automne,ശരത്കാലം,ਪਤਝੜ,शरद ऋतु,Outono,Otoño,Autunno
caption,Autumn leaves,Feuilles d'automne,ശരത്കാല ഇലകൾ,ਪਤਝੜ ਦੇ ਪੱਤੇ,शरद ऋतु के पत्ते,Folhas de outono,Hojas de otoño,Foglie autunnali
caption,Balcony,Balcon,ബാൽക്കണി,ਬਾਲਕੋਨੀ,बालकनी,Varanda,Balcón,Balcone
caption,Barcelona,Barcelone,ബാഴ്സലോണ,ਬਾਰਸਿਲੋਨਾ,बार्सिलोना,Barcelona,Barcelona,Barcellona
caption,Basilica,Basilique,ബസിലിക്ക,ਬੈਸਿਲਿਕਾ,बेसिलिका,Basílica,Basílica,Basilica
caption,Beach,Plage,കടൽത്തീരം,ਬੀਚ,समुद्र तट,Praia,Playa,Spiaggia
caption,Bell,Cloche,മണി,ਘੰਟੀ,घंटी,Sino,Campana,Campana
caption,Bent tree,Arbre courbé,വളഞ്ഞ വൃക്ഷം,ਝੁਕਿਆ ਰੁੱਖ,झुका हुआ पेड़,Árvore curvada,Árbol curvado,Albero piegato
caption,Berlin,Berlin,ബർലിൻ,ਬਰਲਿਨ,बर्लिन,Berlim,Berlín,Berlino
caption,Bologna,Bologne,ബൊലോഞ്ഞ,ਬੋਲੋਨਿਆ,बोलोन्या,Bolonha,Bolonia,Bologna
caption,Bridge,Pont,പാലം,ਪੁਲ,पुल,Ponte,Puente,Ponte
caption,Budapest,Budapest,ബുഡാപെസ്റ്റ്,ਬੁਡਾਪੇਸਟ,बुडापेस्ट,Budapeste,Budapest,Budapest
caption,Building,Bâtiment,കെട്ടിടം,ਇਮਾਰਤ,इमारत,Edifício,Edificio,Edificio
caption,Buildings,Bâtiments,കെട്ടിടങ്ങൾ,ਇਮਾਰਤਾਂ,इमारतें,Edifícios,Edificios,Edifici
caption,Castle,Château,കോട്ട,ਕਿਲ੍ਹਾ,किला,Castelo,Castillo,Castello
caption,Cathedral,Cathédrale,കത്തീഡ്രൽ,ਕੈਥੇਡ੍ਰਲ,कैथेड्रल,Catedral,Catedral,Cattedrale
caption,Ceiling,Plafond,മേൽത്തട്ട്,ਛੱਤ,छत,Teto,Techo,Soffitto
caption,"Ceiling, Église Sainte-Marie-Madeleine de Pérouges","Plafond, Église Sainte-Marie-Madeleine de Pérouges",സാന്ത്-മാരി-മദ്‌ലെൻ ദെ പേരൂജ് പള്ളിയുടെ മേൽത്തട്ട്,ਸੈਂਤ-ਮਾਰੀ-ਮਾਦਲੇਨ ਦੇ ਪੇਰੂਜ ਗਿਰਜਾਘਰ ਦੀ ਛੱਤ,सैंत-मारी-मादलेन दे पेरूज गिरजाघर की छत,"Teto, Igreja de Sainte-Marie-Madeleine de Pérouges","Techo, Iglesia de Sainte-Marie-Madeleine de Pérouges","Soffitto, Chiesa di Sainte-Marie-Madeleine a Pérouges"
caption,Chapel,Chapelle,ചാപ്പൽ,ਚੈਪਲ,चैपल,Capela,Capilla,Cappella
caption,Church,Église,പള്ളി,ਗਿਰਜਾਘਰ,गिरजाघर,Igreja,Iglesia,Chiesa
caption,"Church, Perouges","Église, Pérouges","പള്ളി, പേരൂജ്","ਗਿਰਜਾਘਰ, ਪੇਰੂਜ","गिरजाघर, पेरूज","Igreja, Pérouges","Iglesia, Pérouges","Chiesa, Pérouges"
caption,Cistern,Citerne,ജലസംഭരണി,ਜਲ-ਟੈਂਕੀ,जलकुंड,Cisterna,Cisterna,Cisterna
caption,Cloister,Cloître,ക്ലോയിസ്റ്റർ,ਕਲੋਇਸਟਰ,क्लॉइस्टर,Claustro,Claustro,Chiostro
caption,Courtyard,Cour,മുറ്റം,ਵਿਹੜਾ,आँगन,Pátio,Patio,Cortile
caption,Door,Porte,വാതിൽ,ਦਰਵਾਜ਼ਾ,दरवाज़ा,Porta,Puerta,Porta
caption,Double Rainbow,Double arc-en-ciel,ഇരട്ട മഴവില്ല്,ਦੋਹਰਾ ਸਤਰੰਗੀ ਪੀਂਘ,दोहरा इंद्रधनुष,Arco-íris duplo,Doble arcoíris,Doppio arcobaleno
caption,Exterior,Extérieur,പുറംഭാഗം,ਬਾਹਰੀ ਦ੍ਰਿਸ਼,बाहरी दृश्य,Exterior,Exterior,Esterno
caption,Facade,Façade,മുൻഭാഗം,ਅਗਲਾ ਹਿੱਸਾ,अग्रभाग,Fachada,Fachada,Facciata
caption,Façade,Façade,മുൻഭാഗം,ਅਗਲਾ ਹਿੱਸਾ,अग्रभाग,Fachada,Fachada,Facciata
caption,"Façade with wood, Pérouges","Façade en bois, Pérouges","തടി കൊണ്ടുള്ള മുൻഭാഗം, പേരൂജ്","ਲੱਕੜ ਵਾਲਾ ਅਗਲਾ ਹਿੱਸਾ, ਪੇਰੂਜ","लकड़ी का अग्रभाग, पेरूज","Fachada de madeira, Pérouges","Fachada de madera, Pérouges","Facciata in legno, Pérouges"
caption,Florence,Florence,ഫ്ലോറൻസ്,ਫਲੋਰੈਂਸ,फ्लोरेंस,Florença,Florencia,Firenze
caption,Flowers,Fleurs,പൂക്കൾ,ਫੁੱਲ,फूल,Flores,Flores,Fiori
caption,Fort,Fort,കോട്ട,ਕਿਲ੍ਹਾ,किला,Forte,Fortaleza,Forte
caption,Fountain,Fontaine,ജലധാര,ਫੁਹਾਰਾ,फव्वारा,Fonte,Fuente,Fontana
caption,Garden,Jardin,പൂന്തോട്ടം,ਬਾਗ਼,बगीचा,Jardim,Jardín,Giardino
caption,"Garden view, Rue du Prince, Pérouges","Vue du jardin, Rue du Prince, Pérouges","പൂന്തോട്ട ദൃശ്യം, റ്യൂ ദ്യൂ പ്രിൻസ്, പേരൂജ്","ਬਾਗ਼ ਦਾ ਦ੍ਰਿਸ਼, ਰਯੂ ਦਯੂ ਪ੍ਰਿੰਸ, ਪੇਰੂਜ","बगीचे का दृश्य, रयू दयू प्रिंस, पेरूज","Vista do jardim, Rue du Prince, Pérouges","Vista del jardín, Rue du Prince, Pérouges","Veduta del giardino, Rue du Prince, Pérouges"
caption,Gdansk,Gdansk,ഗ്ദാൻസ്ക്,ਗਦਾਂਸਕ,ग्दांस्क,Gdansk,Gdansk,Danzica
caption,Genoa,Gênes,ജെനോവ,ਜੇਨੋਆ,जेनोआ,Génova,Génova,Genova
caption,Giuseppe Verdi,Giuseppe Verdi,ജ്യൂസെപ്പെ വെർദി,ਜੂਜ਼ੈੱਪੇ ਵਰਦੀ,ज्यूसेप्पे वर्दी,Giuseppe Verdi,Giuseppe Verdi,Giuseppe Verdi
caption,Golden Hour,Heure dorée,സുവർണ്ണ നേരം,ਸੁਨਹਿਰੀ ਘੜੀ,स्वर्णिम बेला,Hora dourada,Hora dorada,Ora dorata
caption,Golden hour,Heure dorée,സുവർണ്ണ നേരം,ਸੁਨਹਿਰੀ ਘੜੀ,स्वर्णिम बेला,Hora dourada,Hora dorada,Ora dorata
caption,Gondolas,Gondoles,ഗൊണ്ടോളകൾ,ਗੋਂਡੋਲਾ,गोंडोला,Gôndolas,Góndolas,Gondole
caption,Heraklion,Héraklion,ഹെറാക്ലിയോൺ,ਹੇਰਾਕਲਿਓਨ,हेराक्लिओन,Heraclião,Heraclión,Heraklion
caption,Hotel,Hôtel,ഹോട്ടൽ,ਹੋਟਲ,होटल,Hotel,Hotel,Hotel
caption,Interior,Intérieur,അകംഭാഗം,ਅੰਦਰੂਨੀ ਦ੍ਰਿਸ਼,भीतरी दृश्य,Interior,Interior,Interno
caption,Issoire,Issoire,ഇസ്വാർ,ਇਸਵਾਰ,इस्वार,Issoire,Issoire,Issoire
caption,Lake,Lac,തടാകം,ਝੀਲ,झील,Lago,Lago,Lago
caption,Leaves,Feuilles,ഇലകൾ,ਪੱਤੇ,पत्ते,Folhas,Hojas,Foglie
caption,Lights,Lumières,വിളക്കുകൾ,ਰੋਸ਼ਨੀਆਂ,रोशनी,Luzes,Luces,Luci
caption,Lintel,Linteau,കട്ടിളമേൽപ്പടി,ਸਰਦਲ,सरदल,Lintel,Dintel,Architrave
caption,Loupian,Loupian,ലൂപ്പിയാൻ,ਲੂਪਿਆਂ,लूपियां,Loupian,Loupian,Loupian
caption,Market Square,Place du marché,ചന്തസ്ഥലം,ਬਾਜ਼ਾਰ ਚੌਕ,बाज़ार चौक,Praça do mercado,Plaza del mercado,Piazza del mercato
caption,Market hall,Halle,ചന്തമണ്ഡപം,ਬਾਜ਼ਾਰ ਹਾਲ,बाज़ार हॉल,Mercado coberto,Mercado cubierto,Mercato coperto
caption,Marseille,Marseille,മാർസെയ്,ਮਾਰਸੇ,मार्सेय,Marselha,Marsella,Marsiglia
caption,Mural,Fresque murale,ചുവർചിത്രം,ਕੰਧ-ਚਿੱਤਰ,भित्ति चित्र,Mural,Mural,Murale
caption,Museum,Musée,മ്യൂസിയം,ਅਜਾਇਬ-ਘਰ,संग्रहालय,Museu,Museo,Museo
caption,Nature,Nature,പ്രകൃതി,ਕੁਦਰਤ,प्रकृति,Natureza,Naturaleza,Natura
caption,Nave,Nef,നടുത്തളം,ਨੇਵ,नेव,Nave,Nave,Navata
caption,Nowy Sącz,Nowy Sącz,നോവി-സോഞ്ച്,ਨੋਵੀ-ਸੋਂਚ,नोवी-सॉन्च,Nowy Sącz,Nowy Sącz,Nowy Sącz
caption,Palace,Palais,കൊട്ടാരം,ਮਹਿਲ,महल,Palácio,Palacio,Palazzo
caption,Panorama,Panorama,സമഗ്രദൃശ്യം,ਪੈਨੋਰਮਾ,विहंगम दृश्य,Panorama,Panorama,Panorama
caption,Passage,Passage,ഇടനാഴി,ਲਾਂਘਾ,मार्ग,Passagem,Pasaje,Passaggio
caption,Pillars,Piliers,തൂണുകൾ,ਥੰਮ੍ਹ,स्तंभ,Pilares,Pilares,Pilastri
caption,Pipe Organ,Orgue,പൈപ്പ് ഓർഗൻ,ਪਾਈਪ ਆਰਗਨ,पाइप ऑर्गन,Órgão de tubos,Órgano de tubos,Organo a canne
caption,Pipe organ,Orgue,പൈപ്പ് ഓർഗൻ,ਪਾਈਪ ਆਰਗਨ,पाइप ऑर्गन,Órgão de tubos,Órgano de tubos,Organo a canne
caption,Pisa,Pise,പിസ,ਪੀਸਾ,पीसा,Pisa,Pisa,Pisa
caption,Portal,Portail,കവാടം,ਦਵਾਰ,प्रवेशद्वार,Portal,Portal,Portale
caption,Porte Cailhau,Porte Cailhau,പോർട്ട് കായൂ,ਪੋਰਟ ਕਾਯੂ,पोर्त काइयू,Porte Cailhau,Porte Cailhau,Porte Cailhau
caption,Pulpit,Chaire,പ്രസംഗപീഠം,ਪ੍ਰਚਾਰ-ਮੰਚ,उपदेशमंच,Púlpito,Púlpito,Pulpito
caption,Pérouges,Pérouges,പേരൂജ്,ਪੇਰੂਜ,पेरूज,Pérouges,Pérouges,Pérouges
caption,Reflection,Reflet,പ്രതിഫലനം,ਪ੍ਰਤੀਬਿੰਬ,प्रतिबिंब,Reflexo,Reflejo,Riflesso
caption,Saint-Nazaire-en-Royans,Saint-Nazaire-en-Royans,സാൻ-നസേർ-ആൻ-റോയാൻ,ਸੈਂ-ਨਜ਼ੇਰ-ਆਂ-ਰੋਯਾਂ,सैं-नजेर-आं-रॉयां,Saint-Nazaire-en-Royans,Saint-Nazaire-en-Royans,Saint-Nazaire-en-Royans
caption,Sanctuary,Sanctuaire,വിശുദ്ധസ്ഥലം,ਪਵਿੱਤਰ-ਅਸਥਾਨ,गर्भगृह,Santuário,Santuario,Santuario
caption,Sculpture,Sculpture,ശില്പം,ਮੂਰਤੀ,मूर्तिकला,Escultura,Escultura,Scultura
caption,Sky,Ciel,ആകാശം,ਅਸਮਾਨ,आकाश,Céu,Cielo,Cielo
caption,Skyscrapers,Gratte-ciel,അംബരചുംബികൾ,ਅਸਮਾਨ-ਛੂਹ ਇਮਾਰਤਾਂ,गगनचुंबी इमारतें,Arranha-céus,Rascacielos,Grattacieli
caption,Snow,Neige,മഞ്ഞ്,ਬਰਫ਼,बर्फ़,Neve,Nieve,Neve
caption,Square,Place,ചത്വരം,ਚੌਕ,चौक,Praça,Plaza,Piazza
caption,Stained-glass,Vitrail,സ്റ്റെയിൻഡ് ഗ്ലാസ്,ਰੰਗਦਾਰ ਕੱਚ,रंगीन काँच,Vitral,Vidriera,Vetrata
caption,Station,Gare,സ്റ്റേഷൻ,ਸਟੇਸ਼ਨ,स्टेशन,Estação,Estación,Stazione
caption,Statue,Statue,പ്രതിമ,ਮੂਰਤੀ,प्रतिमा,Estátua,Estatua,Statua
caption,Stockholm,Stockholm,സ്റ്റോക്ക്ഹോം,ਸਟਾਕਹੋਮ,स्टॉकहोम,Estocolmo,Estocolmo,Stoccolma
caption,Street light,Lampadaire,തെരുവുവിളക്ക്,ਗਲੀ ਦੀ ਰੋਸ਼ਨੀ,सड़क की बत्ती,Candeeiro de rua,Farola,Lampione
caption,Sunrise,Lever du soleil,സൂര്യോദയം,ਸੂਰਜ ਚੜ੍ਹਨਾ,सूर्योदय,Nascer do sol,Amanecer,Alba
caption,Sunset,Coucher du soleil,സൂര്യാസ്തമയം,ਸੂਰਜ ਡੁੱਬਣਾ,सूर्यास्त,Pôr do sol,Atardecer,Tramonto
caption,Theater,Théâtre,നാടകശാല,ਥੀਏਟਰ,रंगमंच,Teatro,Teatro,Teatro
caption,Toulouse,Toulouse,തുലൂസ്,ਤੁਲੂਜ਼,तुलूज,Toulouse,Tolosa,Tolosa
caption,Trees,Arbres,വൃക്ഷങ്ങൾ,ਰੁੱਖ,वृक्ष,Árvores,Árboles,Alberi
caption,Turin,Turin,ടൂറിൻ,ਟੂਰਿਨ,तूरिन,Turim,Turín,Torino
caption,Twilight,Crépuscule,സന്ധ്യ,ਸ਼ਾਮ ਦਾ ਘੁਸਮੁਸਾ,गोधूलि,Crepúsculo,Crepúsculo,Crepuscolo
caption,Vaise,Vaise,വെയ്‌സ്,ਵੇਜ਼,वेज़,Vaise,Vaise,Vaise
caption,Volvic,Volvic,വോൾവിക്,ਵੋਲਵਿਕ,वोल्विक,Volvic,Volvic,Volvic
caption,Wartburg,Wartburg,വാർട്ട്‌ബർഗ്,ਵਾਰਟਬਰਗ,वार्टबुर्ग,Wartburg,Wartburg,Wartburg
caption,"Windows, Pérouges","Fenêtres, Pérouges","ജനാലകൾ, പേരൂജ്","ਖਿੜਕੀਆਂ, ਪੇਰੂਜ","खिड़कियाँ, पेरूज","Janelas, Pérouges","Ventanas, Pérouges","Finestre, Pérouges"
caption,Wrocław,Wrocław,വ്രോത്സ്വാവ്,ਵ੍ਰੋਤਸਵਾਫ,व्रॉत्सवाफ,Wrocław,Wrocław,Breslavia
