key,en,fr,ml,pa,hi,pt,es,it
credits,Photography &amp; Travel,Photographie et Voyages,ഛായാഗ്രഹണവും യാത്രകളും,ਫੋਟੋਗ੍ਰਾਫੀ ਅਤੇ ਯਾਤਰਾ,छायाचित्र और यात्रा,Fotografia e Viagens,Fotografía y Viajes,Fotografia e Viaggi
footer,Travel in {country},Voyages en {country},{country} യാത്രകൾ,{country} ਵਿੱਚ ਯਾਤਰਾ,{country} में यात्रा,Viagens em {country},Viajes en {country},Viaggi in {country}
hero_subtitle,Timeless Landscapes • Cultural Rhythms • Artistic Glimpses,Paysages intemporels • Rythmes culturels • Regards artistiques,കാലാതീതമായ ഭൂപ്രകൃതികൾ • സാംസ്കാരിക താളങ്ങൾ • കലാപരമായ ദൃശ്യങ്ങൾ,ਸਦੀਵੀ ਦ੍ਰਿਸ਼ • ਸੱਭਿਆਚਾਰਕ ਲਯ • ਕਲਾਤਮਕ ਝਲਕਾਂ,कालातीत परिदृश्य • सांस्कृतिक लय • कलात्मक झलकियाँ,Paisagens intemporais • Ritmos culturais • Olhares artísticos,Paisajes atemporales • Ritmos culturales • Miradas artísticas,Paesaggi senza tempo • Ritmi culturali • Sguardi artistici
home,Home,Accueil,ഹോം,ਘਰ,मुखपृष्ठ,Início,Inicio,Home
photography,Photography,Photographie,ഛായാഗ്രഹണം,ਫੋਟੋਗ੍ਰਾਫੀ,छायाचित्र,Fotografia,Fotografía,Fotografia
site_tagline,Photography &amp; Travel,Photographie et Voyages,ഛായാഗ്രഹണവും യാത്രകളും,ਫੋਟੋਗ੍ਰਾਫੀ ਅਤੇ ਯਾਤਰਾ,छायाचित्र और यात्रा,Fotografia e Viagens,Fotografía y Viajes,Fotografia e Viaggi
travel,Travel,Voyages,യാത്രകൾ,ਯਾਤਰਾ,यात्रा,Viagens,Viajes,Viaggi
highlights,Highlights,,പ്രധാനപ്പെട്ടവ,ਮੁੱਖ ਝਲਕੀਆਂ,मुख्य आकर्षण,,,
language_switcher,,,ഭാഷ തിരഞ്ഞെടുക്കുക,ਭਾਸ਼ਾ ਚੁਣੋ,भाषा चुनें,,,
