id,type,target,section,year,year_qid,content,simple_content,part_qids,wikidata_url,local_qid,simple_local_qid,content_fr,content_ml,content_pa,content_hi,content_pt,content_es,content_it
,CVEntry,both,journals,2026,,"ConVer-G: A Suite for Versioning, Querying and Visualization of Dynamic Knowledge Graphs, Jey Puget Gil, Emmanuel Coquery, John Samuel, Gilles Gesquière, Journal of Open Source Software, 2026, https://doi.org/10.21105/joss.10828",,,,Q8655,Q8655,,,,,,,
,CVEntry,both,conferences,2026,,"Cartographie stratifiée de la végétation urbaine à Lyon par fusion d'orthophotos et de LiDAR, Arthur Villarroya-Palau, John Samuel, Ludovic Darmet, Maxime Tribolet, Anthony Angelot, Gilles Gesquière, Colloque UrbaTree - L'arbre urbain : du gène au paysage, Jun 2026, Rennes, France. https://hal.science/hal-05658820v1",,,,Q8656,Q8656,"Cartographie stratifiée de la végétation urbaine à Lyon par fusion d'orthophotos et de LiDAR, Arthur Villarroya-Palau, John Samuel, Ludovic Darmet, Maxime Tribolet, Anthony Angelot, Gilles Gesquière, Colloque UrbaTree - L'arbre urbain : du gène au paysage, juin 2026, Rennes, France. https://hal.science/hal-05658820v1","Cartographie stratifiée de la végétation urbaine à Lyon par fusion d'orthophotos et de LiDAR, Arthur Villarroya-Palau, John Samuel, Ludovic Darmet, Maxime Tribolet, Anthony Angelot, Gilles Gesquière, Colloque UrbaTree - L'arbre urbain : du gène au paysage, ജൂൺ 2026, Rennes, ഫ്രാൻസ്. https://hal.science/hal-05658820v1","Cartographie stratifiée de la végétation urbaine à Lyon par fusion d'orthophotos et de LiDAR, Arthur Villarroya-Palau, John Samuel, Ludovic Darmet, Maxime Tribolet, Anthony Angelot, Gilles Gesquière, Colloque UrbaTree - L'arbre urbain : du gène au paysage, ਜੂਨ 2026, Rennes, ਫ਼ਰਾਂਸ. https://hal.science/hal-05658820v1","Cartographie stratifiée de la végétation urbaine à Lyon par fusion d'orthophotos et de LiDAR, Arthur Villarroya-Palau, John Samuel, Ludovic Darmet, Maxime Tribolet, Anthony Angelot, Gilles Gesquière, Colloque UrbaTree - L'arbre urbain : du gène au paysage, जून 2026, Rennes, फ़्रांस. https://hal.science/hal-05658820v1","Cartographie stratifiée de la végétation urbaine à Lyon par fusion d'orthophotos et de LiDAR, Arthur Villarroya-Palau, John Samuel, Ludovic Darmet, Maxime Tribolet, Anthony Angelot, Gilles Gesquière, Colloque UrbaTree - L'arbre urbain : du gène au paysage, junho 2026, Rennes, França. https://hal.science/hal-05658820v1","Cartographie stratifiée de la végétation urbaine à Lyon par fusion d'orthophotos et de LiDAR, Arthur Villarroya-Palau, John Samuel, Ludovic Darmet, Maxime Tribolet, Anthony Angelot, Gilles Gesquière, Colloque UrbaTree - L'arbre urbain : du gène au paysage, junio 2026, Rennes, Francia. https://hal.science/hal-05658820v1","Cartographie stratifiée de la végétation urbaine à Lyon par fusion d'orthophotos et de LiDAR, Arthur Villarroya-Palau, John Samuel, Ludovic Darmet, Maxime Tribolet, Anthony Angelot, Gilles Gesquière, Colloque UrbaTree - L'arbre urbain : du gène au paysage, giugno 2026, Rennes, Francia. https://hal.science/hal-05658820v1"
,CVEntry,both,postersdemo,2026,,"Modélisation et analyse de l'évolution urbaine, John Samuel, Demi-journée de valorisation des projets et travaux scientifiques, CPE Lyon, January 26, 2026",,,,Q9395,Q9395,"Modélisation et analyse de l'évolution urbaine, John Samuel, Demi-journée de valorisation des projets et travaux scientifiques, CPE Lyon, 26 janvier 2026","Modélisation et analyse de l'évolution urbaine, John Samuel, Demi-journée de valorisation des projets et travaux scientifiques, CPE Lyon, 26 ജനുവരി 2026","Modélisation et analyse de l'évolution urbaine, John Samuel, Demi-journée de valorisation des projets et travaux scientifiques, CPE Lyon, 26 ਜਨਵਰੀ 2026","Modélisation et analyse de l'évolution urbaine, John Samuel, Demi-journée de valorisation des projets et travaux scientifiques, CPE Lyon, 26 जनवरी 2026","Modélisation et analyse de l'évolution urbaine, John Samuel, Demi-journée de valorisation des projets et travaux scientifiques, CPE Lyon, 26 janeiro 2026","Modélisation et analyse de l'évolution urbaine, John Samuel, Demi-journée de valorisation des projets et travaux scientifiques, CPE Lyon, 26 enero 2026","Modélisation et analyse de l'évolution urbaine, John Samuel, Demi-journée de valorisation des projets et travaux scientifiques, CPE Lyon, 26 gennaio 2026"
,CVEntry,both,postersdemo,2026,,"Queer Memory: Building Queer Histories Together in Wikimedia, Wikimania 2026, Paris, July 23 2026, https://commons.wikimedia.org/wiki/File:Wikimania2026-Queer-Memory-John-Samuel.pdf",,,,Q9397,Q9397,"Queer Memory: Building Queer Histories Together in Wikimedia, Wikimania 2026, Paris, 23 juillet 2026, https://commons.wikimedia.org/wiki/File:Wikimania2026-Queer-Memory-John-Samuel.pdf","Queer Memory: Building Queer Histories Together in Wikimedia, Wikimania 2026, Paris, 23 ജൂലൈ 2026, https://commons.wikimedia.org/wiki/File:Wikimania2026-Queer-Memory-John-Samuel.pdf","Queer Memory: Building Queer Histories Together in Wikimedia, Wikimania 2026, Paris, 23 ਜੁਲਾਈ 2026, https://commons.wikimedia.org/wiki/File:Wikimania2026-Queer-Memory-John-Samuel.pdf","Queer Memory: Building Queer Histories Together in Wikimedia, Wikimania 2026, Paris, 23 जुलाई 2026, https://commons.wikimedia.org/wiki/File:Wikimania2026-Queer-Memory-John-Samuel.pdf","Queer Memory: Building Queer Histories Together in Wikimedia, Wikimania 2026, Paris, 23 julho 2026, https://commons.wikimedia.org/wiki/File:Wikimania2026-Queer-Memory-John-Samuel.pdf","Queer Memory: Building Queer Histories Together in Wikimedia, Wikimania 2026, Paris, 23 julio 2026, https://commons.wikimedia.org/wiki/File:Wikimania2026-Queer-Memory-John-Samuel.pdf","Queer Memory: Building Queer Histories Together in Wikimedia, Wikimania 2026, Paris, 23 luglio 2026, https://commons.wikimedia.org/wiki/File:Wikimania2026-Queer-Memory-John-Samuel.pdf"
,CVEntry,both,talks,2026,,"La fabrique collective des histoires queer dans les communs numériques., John Samuel, Deuxièmes rencontres du Réseau jeune recherche LGBTQI+, Université de Lyon 1, May 13, 2026, https://hal.science/hal-05687298",,,,Q9399,Q9399,"La fabrique collective des histoires queer dans les communs numériques., John Samuel, Deuxièmes rencontres du Réseau jeune recherche LGBTQI+, Université de Lyon 1, 13 mai 2026, https://hal.science/hal-05687298","La fabrique collective des histoires queer dans les communs numériques., John Samuel, Deuxièmes rencontres du Réseau jeune recherche LGBTQI+, Université de Lyon 1, 13 മേയ് 2026, https://hal.science/hal-05687298","La fabrique collective des histoires queer dans les communs numériques., John Samuel, Deuxièmes rencontres du Réseau jeune recherche LGBTQI+, Université de Lyon 1, 13 ਮਈ 2026, https://hal.science/hal-05687298","La fabrique collective des histoires queer dans les communs numériques., John Samuel, Deuxièmes rencontres du Réseau jeune recherche LGBTQI+, Université de Lyon 1, 13 मई 2026, https://hal.science/hal-05687298","La fabrique collective des histoires queer dans les communs numériques., John Samuel, Deuxièmes rencontres du Réseau jeune recherche LGBTQI+, Université de Lyon 1, 13 maio 2026, https://hal.science/hal-05687298","La fabrique collective des histoires queer dans les communs numériques., John Samuel, Deuxièmes rencontres du Réseau jeune recherche LGBTQI+, Université de Lyon 1, 13 mayo 2026, https://hal.science/hal-05687298","La fabrique collective des histoires queer dans les communs numériques., John Samuel, Deuxièmes rencontres du Réseau jeune recherche LGBTQI+, Université de Lyon 1, 13 maggio 2026, https://hal.science/hal-05687298"
,CVEntry,both,talks,2026,,"John Samuel, Accueil élèves ingénieurs, Université de Lyon 1, January 22, 2026",,,,Q9401,Q9401,"John Samuel, Accueil élèves ingénieurs, Université de Lyon 1, 22 janvier 2026","John Samuel, Accueil élèves ingénieurs, Université de Lyon 1, 22 ജനുവരി 2026","John Samuel, Accueil élèves ingénieurs, Université de Lyon 1, 22 ਜਨਵਰੀ 2026","John Samuel, Accueil élèves ingénieurs, Université de Lyon 1, 22 जनवरी 2026","John Samuel, Accueil élèves ingénieurs, Université de Lyon 1, 22 janeiro 2026","John Samuel, Accueil élèves ingénieurs, Université de Lyon 1, 22 enero 2026","John Samuel, Accueil élèves ingénieurs, Université de Lyon 1, 22 gennaio 2026"
,CVEntry,both,participation,2026,,"AG AGAPE, LIRIS, Lyon, September 9 – 10, 2026",,Q9426 Q9427,,Q9425,Q9425,,,,,,,
,CVEntry,both,participation,2026,,"GRADE Paris 2026, August 2026, https://meta.wikimedia.org/wiki/Event:GRADE-Paris2026",,Q8660 Q8662 Q8663 Q8664,,Q8666,Q8666,,,,,,,
,CVEntry,both,journals,2026,,"Design Space for Visualizing Multimedia Documents in Spatio-Temporal-Thematic Urban Context, Akin Gulfidan, Pierre-Antoine Chiron, John Samuel, Valérie Gouet-Brunet, Gilles Gesquière, 3D GeoInfo 2026, September 2026, Sofia, Bulgaria (To appear)",,,,Q9412,Q9412,"Design Space for Visualizing Multimedia Documents in Spatio-Temporal-Thematic Urban Context, Akin Gulfidan, Pierre-Antoine Chiron, John Samuel, Valérie Gouet-Brunet, Gilles Gesquière, 3D GeoInfo 2026, septembre 2026, Sofia, Bulgarie (To appear)","Design Space for Visualizing Multimedia Documents in Spatio-Temporal-Thematic Urban Context, Akin Gulfidan, Pierre-Antoine Chiron, John Samuel, Valérie Gouet-Brunet, Gilles Gesquière, 3D GeoInfo 2026, സെപ്റ്റംബർ 2026, Sofia, ബൾഗേറിയ (To appear)","Design Space for Visualizing Multimedia Documents in Spatio-Temporal-Thematic Urban Context, Akin Gulfidan, Pierre-Antoine Chiron, John Samuel, Valérie Gouet-Brunet, Gilles Gesquière, 3D GeoInfo 2026, ਸਤੰਬਰ 2026, Sofia, ਬੁਲਗਾਰੀਆ (To appear)","Design Space for Visualizing Multimedia Documents in Spatio-Temporal-Thematic Urban Context, Akin Gulfidan, Pierre-Antoine Chiron, John Samuel, Valérie Gouet-Brunet, Gilles Gesquière, 3D GeoInfo 2026, सितंबर 2026, Sofia, बुल्गारिया (To appear)","Design Space for Visualizing Multimedia Documents in Spatio-Temporal-Thematic Urban Context, Akin Gulfidan, Pierre-Antoine Chiron, John Samuel, Valérie Gouet-Brunet, Gilles Gesquière, 3D GeoInfo 2026, setembro 2026, Sofia, Bulgária (To appear)","Design Space for Visualizing Multimedia Documents in Spatio-Temporal-Thematic Urban Context, Akin Gulfidan, Pierre-Antoine Chiron, John Samuel, Valérie Gouet-Brunet, Gilles Gesquière, 3D GeoInfo 2026, septiembre 2026, Sofia, Bulgaria (To appear)","Design Space for Visualizing Multimedia Documents in Spatio-Temporal-Thematic Urban Context, Akin Gulfidan, Pierre-Antoine Chiron, John Samuel, Valérie Gouet-Brunet, Gilles Gesquière, 3D GeoInfo 2026, settembre 2026, Sofia, Bulgaria (To appear)"
,CVEntry,both,journals,2026,,"From Versioned Cities to Versioned Documents: Extending CityRDF for Modelling Urban Documentation over Time, Diego Vinasco-Alvarez, John Samuel, Pierre-Antoine Chiron, Sylvie Servigne, Gilles Gesquiere, 3D GeoInfo 2026, September 2026, Sofia, Bulgaria (To appear)",,,,Q9413,Q9413,"From Versioned Cities to Versioned Documents: Extending CityRDF for Modelling Urban Documentation over Time, Diego Vinasco-Alvarez, John Samuel, Pierre-Antoine Chiron, Sylvie Servigne, Gilles Gesquiere, 3D GeoInfo 2026, septembre 2026, Sofia, Bulgarie (To appear)","From Versioned Cities to Versioned Documents: Extending CityRDF for Modelling Urban Documentation over Time, Diego Vinasco-Alvarez, John Samuel, Pierre-Antoine Chiron, Sylvie Servigne, Gilles Gesquiere, 3D GeoInfo 2026, സെപ്റ്റംബർ 2026, Sofia, ബൾഗേറിയ (To appear)","From Versioned Cities to Versioned Documents: Extending CityRDF for Modelling Urban Documentation over Time, Diego Vinasco-Alvarez, John Samuel, Pierre-Antoine Chiron, Sylvie Servigne, Gilles Gesquiere, 3D GeoInfo 2026, ਸਤੰਬਰ 2026, Sofia, ਬੁਲਗਾਰੀਆ (To appear)","From Versioned Cities to Versioned Documents: Extending CityRDF for Modelling Urban Documentation over Time, Diego Vinasco-Alvarez, John Samuel, Pierre-Antoine Chiron, Sylvie Servigne, Gilles Gesquiere, 3D GeoInfo 2026, सितंबर 2026, Sofia, बुल्गारिया (To appear)","From Versioned Cities to Versioned Documents: Extending CityRDF for Modelling Urban Documentation over Time, Diego Vinasco-Alvarez, John Samuel, Pierre-Antoine Chiron, Sylvie Servigne, Gilles Gesquiere, 3D GeoInfo 2026, setembro 2026, Sofia, Bulgária (To appear)","From Versioned Cities to Versioned Documents: Extending CityRDF for Modelling Urban Documentation over Time, Diego Vinasco-Alvarez, John Samuel, Pierre-Antoine Chiron, Sylvie Servigne, Gilles Gesquiere, 3D GeoInfo 2026, septiembre 2026, Sofia, Bulgaria (To appear)","From Versioned Cities to Versioned Documents: Extending CityRDF for Modelling Urban Documentation over Time, Diego Vinasco-Alvarez, John Samuel, Pierre-Antoine Chiron, Sylvie Servigne, Gilles Gesquiere, 3D GeoInfo 2026, settembre 2026, Sofia, Bulgaria (To appear)"
,CVEntry,both,journals,2026,,"Towards a Reproducible Workflow for Urban Vegetation Stratification in Lyon using Aerial Imagery and LiDAR, Arthur Villarroya-Palau, John Samuel, Ludovic Darmet, Gilles Gesquière, The 10th International Smart Data and Smart Cities Conference, September 29-October 1 2026, Sofia, Bulgaria (To appear)",,,,Q9414,Q9414,"Towards a Reproducible Workflow for Urban Vegetation Stratification in Lyon using Aerial Imagery and LiDAR, Arthur Villarroya-Palau, John Samuel, Ludovic Darmet, Gilles Gesquière, The 10th International Smart Data and Smart Cities Conference, 29 septembre–1 octobre 2026, Sofia, Bulgarie (To appear)","Towards a Reproducible Workflow for Urban Vegetation Stratification in Lyon using Aerial Imagery and LiDAR, Arthur Villarroya-Palau, John Samuel, Ludovic Darmet, Gilles Gesquière, The 10th International Smart Data and Smart Cities Conference, 29 സെപ്റ്റംബർ–1 ഒക്‌ടോബർ 2026, Sofia, ബൾഗേറിയ (To appear)","Towards a Reproducible Workflow for Urban Vegetation Stratification in Lyon using Aerial Imagery and LiDAR, Arthur Villarroya-Palau, John Samuel, Ludovic Darmet, Gilles Gesquière, The 10th International Smart Data and Smart Cities Conference, 29 ਸਤੰਬਰ–1 ਅਕਤੂਬਰ 2026, Sofia, ਬੁਲਗਾਰੀਆ (To appear)","Towards a Reproducible Workflow for Urban Vegetation Stratification in Lyon using Aerial Imagery and LiDAR, Arthur Villarroya-Palau, John Samuel, Ludovic Darmet, Gilles Gesquière, The 10th International Smart Data and Smart Cities Conference, 29 सितंबर–1 अक्तूबर 2026, Sofia, बुल्गारिया (To appear)","Towards a Reproducible Workflow for Urban Vegetation Stratification in Lyon using Aerial Imagery and LiDAR, Arthur Villarroya-Palau, John Samuel, Ludovic Darmet, Gilles Gesquière, The 10th International Smart Data and Smart Cities Conference, 29 setembro–1 outubro 2026, Sofia, Bulgária (To appear)","Towards a Reproducible Workflow for Urban Vegetation Stratification in Lyon using Aerial Imagery and LiDAR, Arthur Villarroya-Palau, John Samuel, Ludovic Darmet, Gilles Gesquière, The 10th International Smart Data and Smart Cities Conference, 29 septiembre–1 octubre 2026, Sofia, Bulgaria (To appear)","Towards a Reproducible Workflow for Urban Vegetation Stratification in Lyon using Aerial Imagery and LiDAR, Arthur Villarroya-Palau, John Samuel, Ludovic Darmet, Gilles Gesquière, The 10th International Smart Data and Smart Cities Conference, 29 settembre–1 ottobre 2026, Sofia, Bulgaria (To appear)"
,CVEntry,both,conferences,2026,,"A Design Space for Visualising Cultural Heritage Hypergraphs in 3D Urban Environments, Alina Sarzhanova, Vanessa Peña-Araya, Anastasia Bezerianos, John Samuel, Journée Visu 2026, June 2026, Champs-sur-Marne, France, https://visu-26.sciencesconf.org/",,,,Q9415,Q9415,"A Design Space for Visualising Cultural Heritage Hypergraphs in 3D Urban Environments, Alina Sarzhanova, Vanessa Peña-Araya, Anastasia Bezerianos, John Samuel, Journée Visu 2026, juin 2026, Champs-sur-Marne, France, https://visu-26.sciencesconf.org/","A Design Space for Visualising Cultural Heritage Hypergraphs in 3D Urban Environments, Alina Sarzhanova, Vanessa Peña-Araya, Anastasia Bezerianos, John Samuel, Journée Visu 2026, ജൂൺ 2026, Champs-sur-Marne, ഫ്രാൻസ്, https://visu-26.sciencesconf.org/","A Design Space for Visualising Cultural Heritage Hypergraphs in 3D Urban Environments, Alina Sarzhanova, Vanessa Peña-Araya, Anastasia Bezerianos, John Samuel, Journée Visu 2026, ਜੂਨ 2026, Champs-sur-Marne, ਫ਼ਰਾਂਸ, https://visu-26.sciencesconf.org/","A Design Space for Visualising Cultural Heritage Hypergraphs in 3D Urban Environments, Alina Sarzhanova, Vanessa Peña-Araya, Anastasia Bezerianos, John Samuel, Journée Visu 2026, जून 2026, Champs-sur-Marne, फ़्रांस, https://visu-26.sciencesconf.org/","A Design Space for Visualising Cultural Heritage Hypergraphs in 3D Urban Environments, Alina Sarzhanova, Vanessa Peña-Araya, Anastasia Bezerianos, John Samuel, Journée Visu 2026, junho 2026, Champs-sur-Marne, França, https://visu-26.sciencesconf.org/","A Design Space for Visualising Cultural Heritage Hypergraphs in 3D Urban Environments, Alina Sarzhanova, Vanessa Peña-Araya, Anastasia Bezerianos, John Samuel, Journée Visu 2026, junio 2026, Champs-sur-Marne, Francia, https://visu-26.sciencesconf.org/","A Design Space for Visualising Cultural Heritage Hypergraphs in 3D Urban Environments, Alina Sarzhanova, Vanessa Peña-Araya, Anastasia Bezerianos, John Samuel, Journée Visu 2026, giugno 2026, Champs-sur-Marne, Francia, https://visu-26.sciencesconf.org/"
,CVEntry,both,participation,2026,,"Wikimania 2026, July 2026, https://wikimania.wikimedia.org/wiki/2026:Wikimania",,Q8659 Q8661 Q8663 Q8664,,Q8665,Q8665,,,,,,,
,CVEntry,both,participation,2026,,"Réseau jeune recherche LGBTQI+, Université Lyon 1, May 11 – 12, 2026",,Q9423 Q9424,,Q9422,Q9422,,,,,,,
,CVEntry,both,participation,2026,,"AG AGAPE, France TV, Paris, January 27 – 28, 2026",,Q9420 Q9421,,Q9419,Q9419,,,,,,,
,CVEntry,both,participation,2026,,"Demi-journée de valorisation des projets et travaux scientifiques, CPE Lyon, January 26, 2026",,Q9417 Q9418,,Q9416,Q9416,,,,,,,
,CVEntry,both,postersdemo,2026,,"Croiser les données territoriales pour végétaliser la ville face au changement climatique, Corentin Gautier, Arthur Villarroya-Palau, Remi Azar, Karima Ouadah, Nikolaos Vynios, John Samuel et Gilles Gesquière, Journées Scientifiques du PEPR Ville Durable Bâtiments Innovants (PEPR VDBI) 2026, September 29–October 1, 2026, Rennes",,,,Q9437,Q9438,"Croiser les données territoriales pour végétaliser la ville face au changement climatique, Corentin Gautier, Arthur Villarroya-Palau, Remi Azar, Karima Ouadah, Nikolaos Vynios, John Samuel et Gilles Gesquière, Journées Scientifiques du PEPR Ville Durable Bâtiments Innovants (PEPR VDBI) 2026, 29 sept.–1 oct. 2026, Rennes","Croiser les données territoriales pour végétaliser la ville face au changement climatique, Corentin Gautier, Arthur Villarroya-Palau, Remi Azar, Karima Ouadah, Nikolaos Vynios, John Samuel et Gilles Gesquière, Journées Scientifiques du PEPR Ville Durable Bâtiments Innovants (PEPR VDBI) 2026, 29 സെപ്റ്റംബർ–1 ഒക്ടോബർ 2026, Rennes","Croiser les données territoriales pour végétaliser la ville face au changement climatique, Corentin Gautier, Arthur Villarroya-Palau, Remi Azar, Karima Ouadah, Nikolaos Vynios, John Samuel et Gilles Gesquière, Journées Scientifiques du PEPR Ville Durable Bâtiments Innovants (PEPR VDBI) 2026, 29 ਸਤੰਬਰ–1 ਅਕਤੂਬਰ 2026, Rennes","Croiser les données territoriales pour végétaliser la ville face au changement climatique, Corentin Gautier, Arthur Villarroya-Palau, Remi Azar, Karima Ouadah, Nikolaos Vynios, John Samuel et Gilles Gesquière, Journées Scientifiques du PEPR Ville Durable Bâtiments Innovants (PEPR VDBI) 2026, 29 सितंबर–1 अक्टूबर 2026, Rennes","Croiser les données territoriales pour végétaliser la ville face au changement climatique, Corentin Gautier, Arthur Villarroya-Palau, Remi Azar, Karima Ouadah, Nikolaos Vynios, John Samuel et Gilles Gesquière, Journées Scientifiques du PEPR Ville Durable Bâtiments Innovants (PEPR VDBI) 2026, 29 setembro–1 outubro 2026, Rennes","Croiser les données territoriales pour végétaliser la ville face au changement climatique, Corentin Gautier, Arthur Villarroya-Palau, Remi Azar, Karima Ouadah, Nikolaos Vynios, John Samuel et Gilles Gesquière, Journées Scientifiques du PEPR Ville Durable Bâtiments Innovants (PEPR VDBI) 2026, 29 septiembre–1 octubre 2026, Rennes","Croiser les données territoriales pour végétaliser la ville face au changement climatique, Corentin Gautier, Arthur Villarroya-Palau, Remi Azar, Karima Ouadah, Nikolaos Vynios, John Samuel et Gilles Gesquière, Journées Scientifiques du PEPR Ville Durable Bâtiments Innovants (PEPR VDBI) 2026, 29 settembre–1 ottobre 2026, Rennes"
,CVEntry,both,talks,2026,,"When the Old Constraints Disappear: Work and Creativity in the Age of AI, John Samuel, Mindstone AI Meetup, September 22, 2026, Lyon, France (Invited Talk, Slides, PDF, Video, Abridged transcript (English))",,,,Q9439,Q9439,"When the Old Constraints Disappear: Work and Creativity in the Age of AI, John Samuel, Mindstone AI Meetup, 22 septembre 2026, Lyon, France (Conférence invitée, Diapositives, PDF, Vidéo, Transcription abrégée (anglais))","When the Old Constraints Disappear: Work and Creativity in the Age of AI, John Samuel, Mindstone AI Meetup, 22 സെപ്റ്റംബർ 2026, Lyon, ഫ്രാൻസ് (ക്ഷണിത പ്രഭാഷണം, സ്ലൈഡുകൾ, PDF, വീഡിയോ, സംക്ഷിപ്ത പ്രഭാഷണലിപി (ഇംഗ്ലീഷ്))","When the Old Constraints Disappear: Work and Creativity in the Age of AI, John Samuel, Mindstone AI Meetup, 22 ਸਤੰਬਰ 2026, Lyon, ਫ਼ਰਾਂਸ (ਸੱਦਾ ਦਿੱਤਾ ਭਾਸ਼ਣ, ਸਲਾਈਡਾਂ, PDF, ਵੀਡੀਓ, ਸੰਖੇਪ ਲਿਪੀਅੰਤਰਨ (ਅੰਗਰੇਜ਼ੀ))","When the Old Constraints Disappear: Work and Creativity in the Age of AI, John Samuel, Mindstone AI Meetup, 22 सितंबर 2026, Lyon, फ़्रांस (आमंत्रित व्याख्यान, स्लाइड, PDF, वीडियो, संक्षिप्त प्रतिलेख (अंग्रेज़ी))","When the Old Constraints Disappear: Work and Creativity in the Age of AI, John Samuel, Mindstone AI Meetup, 22 de setembro de 2026, Lyon, França (Palestra convidada, Slides, PDF, Vídeo, Transcrição abreviada (inglês))","When the Old Constraints Disappear: Work and Creativity in the Age of AI, John Samuel, Mindstone AI Meetup, 22 de septiembre de 2026, Lyon, Francia (Conferencia invitada, Diapositivas, PDF, Vídeo, Transcripción abreviada (inglés))","When the Old Constraints Disappear: Work and Creativity in the Age of AI, John Samuel, Mindstone AI Meetup, 22 settembre 2026, Lyon, Francia (Conferenza su invito, Diapositive, PDF, Video, Trascrizione abbreviata (inglese))"
