id,type,name,wikidata_url,local_qid
,film,The Odyssey,https://www.wikidata.org/wiki/Q131547207,Q8649
,film,Disclosure Day,https://www.wikidata.org/wiki/Q126683577,Q8650
,TVSeries,Our Planet,https://www.wikidata.org/wiki/Q60747233,Q6591
,Movie,Don't Look Up,https://www.wikidata.org/wiki/Q100361490,Q6592
,TVSeries,EastSiders,https://www.wikidata.org/wiki/Q5330957,Q6593
,TVSeries,Single All the Way,https://www.wikidata.org/wiki/Q109520342,Q6594
,TVSeries,Better Than Us,https://www.wikidata.org/wiki/Q55388754,Q6595
,TVSeries,Sense8,https://www.wikidata.org/wiki/Q17080059,Q6596
,Movie,Il est elle,https://www.wikidata.org/wiki/Q109352944,Q6597
,Movie,The Power of the Dog,https://www.wikidata.org/wiki/Q85323337,Q6598
,TVSeries,Stories of a Generation – with Pope Francis,https://www.wikidata.org/wiki/Q110269308,Q6599
,TVSeries,The Queen's Gambit,https://www.wikidata.org/wiki/Q85808226,Q6600
,TVSeries,Squid Game,https://www.wikidata.org/wiki/Q106582931,Q6601
,Movie,Fantastic Fungi,https://www.wikidata.org/wiki/Q75206334,Q6602
,Movie,I am Jonas,https://www.wikidata.org/wiki/Q59237542,Q6603
,Movie,Circus of Books,https://www.wikidata.org/wiki/Q91013364,Q6604
,Movie,Spirited Away,https://www.wikidata.org/wiki/Q155653,Q6605
,Movie,The Cat Returns,https://www.wikidata.org/wiki/Q51543,Q6606
,Movie,Dancing with the Birds,https://www.wikidata.org/wiki/Q73025844,Q6607
,Movie,2012,https://www.wikidata.org/wiki/Q184605,Q3731
,TVSeries,The Crown,https://www.wikidata.org/wiki/Q20707362,Q6608
,TVSeries,Dix pour cent,https://www.wikidata.org/wiki/Q21008333,Q6609
,TVSeries,Amend: The Fight for America,https://www.wikidata.org/wiki/Q107313407,Q6610
,TVSeries,Dark,https://www.wikidata.org/wiki/Q28443710,Q6611
,TVSeries,Ratched,https://www.wikidata.org/wiki/Q47484650,Q6612
,Movie,Atypical,https://www.wikidata.org/wiki/Q28443618,Q6613
,Movie,Seaspiracy,https://www.wikidata.org/wiki/Q106159613,Q6614
,Movie,Bird Box,https://www.wikidata.org/wiki/Q43370937,Q6615
,Movie,The Social Dilemma,https://www.wikidata.org/wiki/Q99191029,Q6616
,TVSeries,Please Like Me,https://www.wikidata.org/wiki/Q8592002,Q6617
,TVSeries,Les engagés,https://www.wikidata.org/wiki/Q62018588,Q6618
,Movie,The Midnight Sky,https://www.wikidata.org/wiki/Q71767482,Q6619
,Movie,Stowaway,https://www.wikidata.org/wiki/Q65091727,Q6620
,TVSeries,Sex Education,https://www.wikidata.org/wiki/Q55632932,Q6621
,TVSeries,Away,https://www.wikidata.org/wiki/Q55604566,Q6622
,TVSeries,Special,https://www.wikidata.org/wiki/Q62500926,Q6623
,TVSeries,Unbreakable Kimmy Schmidt,https://www.wikidata.org/wiki/Q16889037,Q6624
,TVSeries,Tales of the City,https://www.wikidata.org/wiki/Q55634633,Q6625
,Movie,Hannah Gadsby: Douglas,https://www.wikidata.org/wiki/Q96380300,Q6626
,Movie,Hannah Gadsby: Nanette,https://www.wikidata.org/wiki/Q55624617,Q6627
,Movie,My best friend Anne Frank,https://www.wikidata.org/wiki/Q108480073,Q6628
,Movie,Arrietty,https://www.wikidata.org/wiki/Q699835,Q6629
,Movie,Coded Bias,https://www.wikidata.org/wiki/Q104878660,Q6630
,Movie,The Boys in the Band,https://www.wikidata.org/wiki/Q63250124,Q6631
,TVSeries,Heartstopper,https://www.wikidata.org/wiki/Q106623586,Q6632
,TVSeries,Young Royals,https://www.wikidata.org/wiki/Q107300488,Q6633
,Movie,Cobalt Blue,https://www.wikidata.org/wiki/Q111467967,Q6634
,Movie,Loev,https://www.wikidata.org/wiki/Q28180003,Q6635
,Movie,"Margarita, with a Straw",https://www.wikidata.org/wiki/Q17113531,Q6636
,Movie,Chasing Coral,https://www.wikidata.org/wiki/Q33109396,Q6637
,TVSeries,The Witcher,https://www.wikidata.org/wiki/Q47500433,Q6638
,TVSeries,A Suitable Boy,https://www.wikidata.org/wiki/Q85739314,Q6639
,TVSeries,The Politician,https://www.wikidata.org/wiki/Q47814191,Q6640
,Movie,I am Mother,https://www.wikidata.org/wiki/Q55762009,Q6641
,Movie,Passengers,https://www.wikidata.org/wiki/Q20962283,Q6642
,Movie,Roma,https://www.wikidata.org/wiki/Q27959455,Q6643
,Movie,Interstellar,https://www.wikidata.org/wiki/Q13417189,Q6644
,Movie,Alex Strangelove,https://www.wikidata.org/wiki/Q51900452,Q6645
,Movie,Nausicaä of the Valley of the Wind,https://www.wikidata.org/wiki/Q8885676,Q6646
,TVSeries,Life in Colour with David Attenborough,https://www.wikidata.org/wiki/Q106437023,Q6647
,TVSeries,Inventing Anna,https://www.wikidata.org/wiki/Q82396632,Q6648
,TVSeries,Our Great National Parks,https://www.wikidata.org/wiki/Q111610211,Q6649
,TVSeries,Top Secret UFO Projects: Declassified,https://www.wikidata.org/wiki/Q108037291,Q6650
,TVSeries,En thérapie,https://www.wikidata.org/wiki/Q105192587,Q6651
,TVSeries,Katla,https://www.wikidata.org/wiki/Q107210735,Q6652
,Movie,Bubble,https://www.wikidata.org/wiki/Q109965531,Q6653
,Movie,The Half of It,https://www.wikidata.org/wiki/Q65060213,Q6654
,Movie,My Octopus Teacher,https://www.wikidata.org/wiki/Q99372651,Q6655
,Movie,Amor de madre,https://www.wikidata.org/wiki/Q108366682,Q6656
,Movie,Riverdance: The Animated Adventure,https://www.wikidata.org/wiki/Q106920326,Q6657
,Movie,The Cloverfield Paradox,https://www.wikidata.org/wiki/Q25136560,Q6658
,Movie,Elysium,https://www.wikidata.org/wiki/Q80959,Q6659
,Movie,Princess Mononoke,https://www.wikidata.org/wiki/Q186572,Q6660
,Movie,The Two Popes,https://www.wikidata.org/wiki/Q58894738,Q6661
,Movie,Puff: Wonders of the Reef,https://www.wikidata.org/wiki/Q110157758,Q6662
,TVSeries,Night on Earth,https://www.wikidata.org/wiki/Q82473889,Q6663
,TVSeries,Glee,https://www.wikidata.org/wiki/Q152178,Q6664
,TVSeries,Bonding,https://www.wikidata.org/wiki/Q63282024,Q6665
,TVSeries,La Casa de las Flores,https://www.wikidata.org/wiki/Q41982130,Q6666
,TVSeries,The Andy Warhol Diaries,https://www.wikidata.org/wiki/Q111179823,Q6667
,Movie,Olly Alexander: Growing Up Gay,https://www.wikidata.org/wiki/Q112940146,Q6668
,Movie,Emma,https://www.wikidata.org/wiki/Q65091224,Q6669
,Movie,Castle in the Sky,https://www.wikidata.org/wiki/Q498577,Q6670
,Movie,My Neighbor Totoro,https://www.wikidata.org/wiki/Q39571,Q6671
,Movie,Kiki's Delivery Service,https://www.wikidata.org/wiki/Q196602,Q6672
,Movie,Howl's Moving Castle,https://www.wikidata.org/wiki/Q29011,Q6673
,Movie,The Wind Rises,https://www.wikidata.org/wiki/Q888131,Q6674
,Movie,Tales from Earthsea,https://www.wikidata.org/wiki/Q721737,Q6675
,Movie,Your Name Engraved Herein,https://www.wikidata.org/wiki/Q97160015,Q6676
,Movie,One of Us,https://www.wikidata.org/wiki/Q47011127,Q6677
,TVSeries,AJ and the Queen,https://www.wikidata.org/wiki/Q53855527,Q6678
,TVSeries,Rotten,https://www.wikidata.org/wiki/Q49638525,Q6679
,TVSeries,Lupin,https://www.wikidata.org/wiki/Q104082429,Q6680
,Movie,Disclosure: Trans Lives on Screen,https://www.wikidata.org/wiki/Q84366473,Q6681
,Movie,Have a Good Trip: Adventures in Psychedelics,https://www.wikidata.org/wiki/Q94139161,Q6682
,Movie,Eat Pray Love,https://www.wikidata.org/wiki/Q304030,Q6683
,Movie,Into the Inferno,https://www.wikidata.org/wiki/Q26821183,Q6684
,Movie,Hating Peter Tatchell,https://www.wikidata.org/wiki/Q107062555,Q6685
,Movie,13 Reasons Why,https://www.wikidata.org/wiki/Q18464203,Q6686
,Movie,Getting Curious with Jonathan Van Ness,https://www.wikidata.org/wiki/Q110663663,Q6687
,Movie,Bill Nye: Science Guy,https://www.wikidata.org/wiki/Q30687521,Q6688
,Movie,The Tribe,https://www.wikidata.org/wiki/Q50381419,Q6689
,Movie,ARQ,https://www.wikidata.org/wiki/Q26887323,Q6690
,Movie,Tau,https://www.wikidata.org/wiki/Q55166818,Q6691
,Movie,Annihilation,https://www.wikidata.org/wiki/Q25136228,Q6692
,Movie,The Game,https://www.wikidata.org/wiki/Q723187,Q6693
,Movie,The Adam Project,https://www.wikidata.org/wiki/Q104033835,Q6694
,Movie,Pray Away,https://www.wikidata.org/wiki/Q91031132,Q6695
,Movie,Homecoming,https://www.wikidata.org/wiki/Q63203885,Q6696
,Movie,La Haine,https://www.wikidata.org/wiki/Q466101,Q6697
,Movie,BigBug,https://www.wikidata.org/wiki/Q99982097,Q6698
,Movie,The Colors of Infinity,https://www.wikidata.org/wiki/Q109752628,Q6699
,Movie,Us,https://www.wikidata.org/wiki/Q56000996,Q6700
,Movie,Private Life,https://www.wikidata.org/wiki/Q47458956,Q6701
,Movie,Bhaag Beanie Bhaag,https://www.wikidata.org/wiki/Q102247319,Q6702
,Movie,Yes Day,https://www.wikidata.org/wiki/Q73536446,Q6703
,Movie,Mission Blue,https://www.wikidata.org/wiki/Q50414478,Q6704
,Movie,A Secret Love,https://www.wikidata.org/wiki/Q93486264,Q6705
,Movie,Return to Space,https://www.wikidata.org/wiki/Q111519766,Q6706
,Movie,Irreplaceable You,https://www.wikidata.org/wiki/Q29906267,Q6707
,Movie,Let it Snow,https://www.wikidata.org/wiki/Q22046828,Q6708
,Movie,Paradise Lost,https://www.wikidata.org/wiki/Q57260200,Q6709
,Movie,How It Ends,https://www.wikidata.org/wiki/Q48672409,Q6710
,TVSeries,Freud,https://www.wikidata.org/wiki/Q82332636,Q6711
,TVSeries,Alien Worlds,https://www.wikidata.org/wiki/Q103651531,Q6712
,TVSeries,Halston,https://www.wikidata.org/wiki/Q106602590,Q6713
,TVSeries,Unorthodox,https://www.wikidata.org/wiki/Q88759629,Q6714
,TVSeries,Shtisel,https://www.wikidata.org/wiki/Q6878481,Q6715
,TVSeries,(Un)well,https://www.wikidata.org/wiki/Q98077754,Q6716
,TVSeries,Chelsea Does,https://www.wikidata.org/wiki/Q22276633,Q6717
,TVSeries,The Barrier,https://www.wikidata.org/wiki/Q82025052,Q6718
,TVSeries,Never Have I Ever,https://www.wikidata.org/wiki/Q90138922,Q6719
,TVSeries,Follow this,https://www.wikidata.org/wiki/Q56244924,Q6720
,TVSeries,Behind Her Eyes,https://www.wikidata.org/wiki/Q65120235,Q6721
,TVSeries,Can You Hear Me?,https://www.wikidata.org/wiki/Q85173988,Q6722
,TVSeries,Real Humans,https://www.wikidata.org/wiki/Q2690883,Q6723
,TVSeries,"Love, Death & Robots",https://www.wikidata.org/wiki/Q61740435,Q6724
,TVSeries,Black Mirror,https://www.wikidata.org/wiki/Q558112,Q6725
,TVSeries,The Leftovers,https://www.wikidata.org/wiki/Q16468818,Q6726
,TVSeries,Feel Good,https://www.wikidata.org/wiki/Q88102054,Q6727
,TVSeries,Self Made: Inspired by the Life of Madam C. J. Walker,https://www.wikidata.org/wiki/Q56275326,Q6728
,TVSeries,What/If,https://www.wikidata.org/wiki/Q56199827,Q6729
,TVSeries,Son vrai visage,https://www.wikidata.org/wiki/Q62002493,Q6730
,TVSeries,Rita,https://www.wikidata.org/wiki/Q12333582,Q6731
,Movie,Blame!,https://www.wikidata.org/wiki/Q30609898,Q6732
,Movie,Le Garçon qui dompta le vent,https://www.wikidata.org/wiki/Q60738660,Q6733
,Movie,Mirage,https://www.wikidata.org/wiki/Q59707291,Q6734
,Movie,La Grande Classe,https://www.wikidata.org/wiki/Q67145035,Q6735
,Movie,I Care a Lot,https://www.wikidata.org/wiki/Q66688968,Q6736
,Movie,The Show Must Go On: The Queen + Adam Lambert Story,https://www.wikidata.org/wiki/Q96312387,Q6737
,Movie,Unicorn Store,https://www.wikidata.org/wiki/Q28222787,Q6738
,Movie,Constantine,https://www.wikidata.org/wiki/Q219150,Q6739
,Movie,Extinction,https://www.wikidata.org/wiki/Q33025803,Q6740
,Movie,Io,https://www.wikidata.org/wiki/Q55614175,Q6741
,Movie,The Death and Life of Marsha P. Johnson,https://www.wikidata.org/wiki/Q47458793,Q6742
,Movie,La Vie devant soi,https://www.wikidata.org/wiki/Q85807735,Q6743
,Movie,Et le ciel s'assombrit,https://www.wikidata.org/wiki/Q87126494,Q6744
,Movie,Flavors of Youth,https://www.wikidata.org/wiki/Q55223476,Q6745
,Movie,The Most Unknown,https://www.wikidata.org/wiki/Q110661353,Q6746
,Movie,Schindler's List,https://www.wikidata.org/wiki/Q483941,Q6747
,Movie,Arrival,https://www.wikidata.org/wiki/Q20382729,Q6748
,Movie,The Prestige,https://www.wikidata.org/wiki/Q46551,Q6749
,Movie,The Dark Knight,https://www.wikidata.org/wiki/Q163872,Q6750
,Movie,The Dark Knight Rises,https://www.wikidata.org/wiki/Q189330,Q6751
,Movie,At Eternity's Gate,https://www.wikidata.org/wiki/Q47006131,Q6752
,Movie,Fight Club,https://www.wikidata.org/wiki/Q190050,Q6753
,Movie,The Hand of God,https://www.wikidata.org/wiki/Q104856751,Q6754
,TVSeries,Uncoupled,https://www.wikidata.org/wiki/Q112417328,Q6755
,TVSeries,How to Change Your Mind,https://www.wikidata.org/wiki/Q113043841,Q7847
,Movie,The Social Network,https://www.wikidata.org/wiki/Q185888,Q7848
,Movie,The Theory of Everything,https://www.wikidata.org/wiki/Q15079318,Q7849
,Movie,Tokyo Godfathers,https://www.wikidata.org/wiki/Q917278,Q7850
,Movie,The Da Vinci Code,https://www.wikidata.org/wiki/Q160560,Q6396
,Movie,The House,https://www.wikidata.org/wiki/Q110407639,Q7851
,Movie,The Shawshank Redemption,https://www.wikidata.org/wiki/Q172241,Q6756
,Movie,Les Invisibles,https://www.wikidata.org/wiki/Q3233377,Q6757
,Movie,I Want to Eat Your Pancreas,https://www.wikidata.org/wiki/Q56421709,Q6758
,Movie,Space Sweepers,https://www.wikidata.org/wiki/Q65267432,Q6759
,Movie,Mary Queen of Scots,https://www.wikidata.org/wiki/Q37909408,Q6760
,Movie,Memoirs of a Geisha,https://www.wikidata.org/wiki/Q45839,Q6761
,Movie,Mother/Android,https://www.wikidata.org/wiki/Q104242404,Q6762
,Movie,Zoe,https://www.wikidata.org/wiki/Q39069732,Q6763
,Movie,Anon,https://www.wikidata.org/wiki/Q27957904,Q6764
,Movie,Jaws,https://www.wikidata.org/wiki/Q189505,Q6765
,Movie,Pachamama,https://www.wikidata.org/wiki/Q64513657,Q6766
,Movie,Gladiator,https://www.wikidata.org/wiki/Q128518,Q6767
,Movie,300,https://www.wikidata.org/wiki/Q131390,Q6768
,Movie,Contagion,https://www.wikidata.org/wiki/Q730888,Q6769
,Movie,The Green Mile,https://www.wikidata.org/wiki/Q208263,Q6770
,Movie,A Quiet Place,https://www.wikidata.org/wiki/Q39070473,Q6771
,Movie,Violet Evergarden: Eternity and the Auto Memories Doll,https://www.wikidata.org/wiki/Q73896191,Q6772
,Movie,The Unforgivable,https://www.wikidata.org/wiki/Q84366178,Q6773
,Movie,The Mitchells vs. The Machines,https://www.wikidata.org/wiki/Q54021143,Q6774
,TVSeries,Merlí: Sapere Aude,https://www.wikidata.org/wiki/Q72664024,Q6775
,Movie,Porco Rosso,https://www.wikidata.org/wiki/Q498375,Q6776
,Movie,Ponyo on the Cliff by the Sea,https://www.wikidata.org/wiki/Q236728,Q6777
,Movie,Four more years,https://www.wikidata.org/wiki/Q10500607,Q6778
,Movie,Mary and the Witch's Flower,https://www.wikidata.org/wiki/Q28021116,Q6779
,TVSeries,Lore,https://www.wikidata.org/wiki/Q38180788,Q6780
,TVSeries,Elite,https://www.wikidata.org/wiki/Q53000974,Q6781
,Movie,La Chute,https://www.wikidata.org/wiki/Q152857,Q6782
,Movie,Eternal Summer,https://www.wikidata.org/wiki/Q639927,Q6783
,Movie,Dance of the 41,https://www.wikidata.org/wiki/Q86659327,Q6784
,Movie,A Trip to Infinity,https://www.wikidata.org/wiki/Q114247107,Q6785
,Movie,The Tale of the Princess Kaguya,https://www.wikidata.org/wiki/Q888136,Q6786
,Movie,Is God a Number?,https://www.wikidata.org/wiki/Q114555489,Q6787
,Movie,AI Love You,https://www.wikidata.org/wiki/Q110746288,Q6788
,Movie,Al óleo,https://www.wikidata.org/wiki/Q110448208,Q6789
,Movie,iBoy,https://www.wikidata.org/wiki/Q28369630,Q6790
,Movie,Blasted,https://www.wikidata.org/wiki/Q114555677,Q6791
,Movie,Drifting Home,https://www.wikidata.org/wiki/Q109602795,Q6792
,Movie,Flatliners,https://www.wikidata.org/wiki/Q26252643,Q6793
,Movie,Brightburn,https://www.wikidata.org/wiki/Q59600666,Q6794
,Movie,Chappie,https://www.wikidata.org/wiki/Q15209986,Q6795
,Movie,Clouds Are Not Spheres,https://www.wikidata.org/wiki/Q114555841,Q6796
,Movie,Life Behind the Stars,https://www.wikidata.org/wiki/Q114555908,Q6797
,Movie,What We Wanted,https://www.wikidata.org/wiki/Q100232971,Q6798
,Movie,John Was Trying to Contact Aliens,https://www.wikidata.org/wiki/Q98546170,Q6799
,Movie,Paris Is Us,https://www.wikidata.org/wiki/Q60788224,Q6800
,Movie,Operation Finale,https://www.wikidata.org/wiki/Q42802162,Q6801
,Movie,Surviving Paradise: A Family Tale,https://www.wikidata.org/wiki/Q111811863,Q6802
,Movie,Flee,https://www.wikidata.org/wiki/Q76450209,Q6803
,Movie,Inside the Mind of a Cat,https://www.wikidata.org/wiki/Q114556062,Q6804
,Movie,The Curious Case of Benjamin Button,https://www.wikidata.org/wiki/Q183239,Q6805
,TVSeries,Curon,https://www.wikidata.org/wiki/Q96195601,Q6806
,TVSeries,Osmosis,https://www.wikidata.org/wiki/Q60774346,Q6807
,Movie,Black Holes: The Edge of All We Know,https://www.wikidata.org/wiki/Q114570604,Q6808
,Movie,A.X.L.,https://www.wikidata.org/wiki/Q55262219,Q6809
,Movie,The Price of Fairness,https://www.wikidata.org/wiki/Q30301513,Q6810
,Movie,Coral Reef,https://www.wikidata.org/wiki/Q114685146,Q6811
,Movie,Portugal's Mountains of Wonder,https://www.wikidata.org/wiki/Q114685226,Q6812
,Movie,Minions & More 1,https://www.wikidata.org/wiki/Q114700397,Q6813
,TVSeries,Exception,https://www.wikidata.org/wiki/Q114658322,Q6814
,TVSeries,The Playlist,https://www.wikidata.org/wiki/Q114357209,Q6815
,Movie,Dialogue Earth,https://www.wikidata.org/wiki/Q114927908,Q6816
,Movie,Dark Side of Light,https://www.wikidata.org/wiki/Q114928011,Q6817
,Movie,Flight of the Butterflies,https://www.wikidata.org/wiki/Q5459304,Q6818
,Movie,Behind the Curve,https://www.wikidata.org/wiki/Q61806618,Q6819
,TVSeries,Eden,https://www.wikidata.org/wiki/Q67931306,Q6820
,Movie,e-Life,https://www.wikidata.org/wiki/Q114937226,Q6821
,Movie,Bikes vs Cars,https://www.wikidata.org/wiki/Q19724840,Q6822
,Movie,The Lost Capital of Atlantis,https://www.wikidata.org/wiki/Q114937445,Q6823
,TVSeries,The Future Of,https://www.wikidata.org/wiki/Q114956987,Q6824
,Movie,Cycle,https://www.wikidata.org/wiki/Q114979514,Q6825
,TVSeries,Messiah,https://www.wikidata.org/wiki/Q48816399,Q6826
,Movie,Europe's Largest Desert,https://www.wikidata.org/wiki/Q115003016,Q6827
,Movie,Le Chant du loup,https://www.wikidata.org/wiki/Q60852120,Q6828
,Movie,Fifty Shades of Grey,https://www.wikidata.org/wiki/Q14566553,Q6829
,Movie,Fatherhood,https://www.wikidata.org/wiki/Q65032686,Q6830
,Movie,The Platform,https://www.wikidata.org/wiki/Q67628998,Q6831
,TVSeries,How to Become a Tyrant,https://www.wikidata.org/wiki/Q107469370,Q6833
,TVSeries,After Life,https://www.wikidata.org/wiki/Q55603316,Q6834
,TVSeries,You,https://www.wikidata.org/wiki/Q39082126,Q6835
,TVSeries,Workin' Moms,https://www.wikidata.org/wiki/Q28127287,Q6836
,TVSeries,Human: The World Within,https://www.wikidata.org/wiki/Q115004119,Q6837
,Movie,Oxygen,https://www.wikidata.org/wiki/Q97656981,Q6838
,Movie,The Internet's Own Boy: The Story of Aaron Swartz,https://www.wikidata.org/wiki/Q16997214,Q6839
,Movie,Waking the Titanic,https://www.wikidata.org/wiki/Q115172939,Q6840
,Movie,Solar System: The Secrets of the Universe,https://www.wikidata.org/wiki/Q115177526,Q6841
,Movie,Life in Outer Space,https://www.wikidata.org/wiki/Q115308255,Q6842
,Movie,Más allá de las estrellas,https://www.wikidata.org/wiki/Q115308336,Q6843
,TVSeries,Ancient Apocalypse,https://www.wikidata.org/wiki/Q115288192,Q6844
,Movie,Frida,https://www.wikidata.org/wiki/Q35738,Q6845
,TVSeries,Our Universe,https://www.wikidata.org/wiki/Q115205464,Q6846
,Movie,E.T. the Extra-Terrestrial,https://www.wikidata.org/wiki/Q11621,Q6847
,Movie,Stars and Stripes,https://www.wikidata.org/wiki/Q115472891,Q6848
,Movie,Life,https://www.wikidata.org/wiki/Q26465665,Q6849
,TVSeries,Harry and Meghan,https://www.wikidata.org/wiki/Q115543345,Q6850
,Movie,Guillermo del Toro's Pinocchio,https://www.wikidata.org/wiki/Q73895818,Q6851
,Movie,Guillermo del Toro's Pinocchio: Handcarved Cinema,https://www.wikidata.org/wiki/Q115662309,Q6852
,Movie,Pinocchio,https://www.wikidata.org/wiki/Q65126245,Q6853
,Movie,Troll,https://www.wikidata.org/wiki/Q113488508,Q6854
,TVSeries,Smiley,https://www.wikidata.org/wiki/Q115322312,Q6855
,Movie,Le Grand Partage,https://www.wikidata.org/wiki/Q21009141,Q6856
,Movie,Glass Onion: A Knives Out Mystery,https://www.wikidata.org/wiki/Q84712797,Q6857
,Movie,Machos alfa,https://www.wikidata.org/wiki/Q115929235,Q6858
,TVSeries,En place,https://www.wikidata.org/wiki/Q116283919,Q6859
,Movie,മണിച്ചിത്രത്താഴ്,https://www.wikidata.org/wiki/Q3530081,Q6860
,Movie,അച്ചുവിന്റെ അമ്മ,https://www.wikidata.org/wiki/Q4673955,Q6861
,Movie,സ്വപ്നക്കൂട്,https://www.wikidata.org/wiki/Q7653813,Q6862
,Movie,പ്രണയവർണ്ണങ്ങൾ,https://www.wikidata.org/wiki/Q7238330,Q6863
,Movie,മീശമാധവൻ,https://www.wikidata.org/wiki/Q6807719,Q6864
,Movie,ചാന്ത്‌പൊട്ട്,https://www.wikidata.org/wiki/Q5072660,Q6865
,Movie,രാവണപ്രഭു,https://www.wikidata.org/wiki/Q7278443,Q6866
,Movie,കിളിച്ചുണ്ടൻ മാമ്പഴം,https://www.wikidata.org/wiki/Q6406922,Q6867
,Movie,അകലെ,https://www.wikidata.org/wiki/Q3597158,Q6868
,Movie,ജേക്കബിന്റെ സ്വർഗ്ഗരാജ്യം,https://www.wikidata.org/wiki/Q21646532,Q6869
,Movie,നോട്ട്ബുക്ക്,https://www.wikidata.org/wiki/Q7062555,Q6870
,Movie,കപ്പേള,https://www.wikidata.org/wiki/Q85773566,Q6871
,Movie,ചന്ദ്രലേഖ,https://www.wikidata.org/wiki/Q5071396,Q6872
,Movie,നരസിംഹം,https://www.wikidata.org/wiki/Q6965425,Q6873
,Movie,കിലുക്കം,https://www.wikidata.org/wiki/Q6408256,Q6874
,Movie,ആകാശദൂത്,https://www.wikidata.org/wiki/Q4700339,Q6875
,Movie,ആകാശഗംഗ,https://www.wikidata.org/wiki/Q13110207,Q6876
,Movie,ക്ലാസ്‌മേറ്റ്സ്,https://www.wikidata.org/wiki/Q5128454,Q7068
,Movie,4 ദ പീപ്പിൾ,https://www.wikidata.org/wiki/Q4639123,Q6878
,Movie,നാടോടിക്കാറ്റ്,https://www.wikidata.org/wiki/Q6957926,Q6879
,Movie,ചോക്ലേറ്റ്,https://www.wikidata.org/wiki/Q5103593,Q6880
,Movie,ദൃശ്യം,https://www.wikidata.org/wiki/Q15401703,Q6881
,Movie,ഈ പറക്കും തളിക,https://www.wikidata.org/wiki/Q5347008,Q6882
,Movie,സമ്മർ ഇൻ ബത്‌ലഹേം,https://www.wikidata.org/wiki/Q7637488,Q6883
,Movie,കുഞ്ഞിക്കൂനൻ,https://www.wikidata.org/wiki/Q6444825,Q6884
,Movie,നന്ദനം,https://www.wikidata.org/wiki/Q13112801,Q6885
,Movie,യാത്രക്കാരുടെ ശ്രദ്ധയ്ക്ക്,https://www.wikidata.org/wiki/Q8050231,Q6886
,Movie,മനസ്സിനക്കരെ,https://www.wikidata.org/wiki/Q13113858,Q6887
,Movie,அந்நியன்,https://www.wikidata.org/wiki/Q2851751,Q6888
,Movie,கஜினி,https://www.wikidata.org/wiki/Q2737320,Q6889
,Movie,ஜீன்ஸ்,https://www.wikidata.org/wiki/Q3176321,Q6890
,Movie,My Brother…Nikhil,https://www.wikidata.org/wiki/Q3100928,Q6891
,Movie,दोस्ताना,https://www.wikidata.org/wiki/Q1251094,Q6892
,Movie,इंग्लिश विंग्लिश,https://www.wikidata.org/wiki/Q3054309,Q6893
,Movie,एक लड़की को देखा तो ऐसा लगा,https://www.wikidata.org/wiki/Q48671694,Q6894
,TVSeries,Made in Heaven,https://www.wikidata.org/wiki/Q62059534,Q6895
,Movie,हम तुम,https://www.wikidata.org/wiki/Q1033304,Q6896
,Movie,कल हो ना हो,https://www.wikidata.org/wiki/Q507490,Q6897
,Movie,Avatar,https://www.wikidata.org/wiki/Q24871,Q6898
,Movie,The Day After Tomorrow,https://www.wikidata.org/wiki/Q14320,Q6899
,Movie,Avatar: The Way of Water,https://www.wikidata.org/wiki/Q3604746,Q6900
,Movie,Jumper,https://www.wikidata.org/wiki/Q541079,Q6901
,Movie,Ludwig II,https://www.wikidata.org/wiki/Q3839166,Q6902
,Movie,Luther,https://www.wikidata.org/wiki/Q611404,Q6903
,Movie,Memento,https://www.wikidata.org/wiki/Q190525,Q6904
,Movie,Deep Impact,https://www.wikidata.org/wiki/Q49498,Q6905
,Movie,प्यार तो होना ही था,https://www.wikidata.org/wiki/Q1250759,Q6906
,Movie,कुछ कुछ होता है,https://www.wikidata.org/wiki/Q623336,Q6907
,Movie,मोहब्बतें,https://www.wikidata.org/wiki/Q1135349,Q6908
,Movie,वीर-ज़ारा,https://www.wikidata.org/wiki/Q106819,Q6909
,Movie,दिल से,https://www.wikidata.org/wiki/Q944356,Q6910
,Movie,स्वदेश,https://www.wikidata.org/wiki/Q1759650,Q6911
,Movie,दिल चाहता है,https://www.wikidata.org/wiki/Q370313,Q6912
,Movie,कोई मिल गया,https://www.wikidata.org/wiki/Q1094839,Q6913
,Movie,कभी अलविदा ना कहना,https://www.wikidata.org/wiki/Q865989,Q6914
,Movie,Fire,https://www.wikidata.org/wiki/Q1418833,Q6915
,Movie,Black,https://www.wikidata.org/wiki/Q515416,Q6916
,Movie,정이,https://www.wikidata.org/wiki/Q110629546,Q6917
,TVSeries,Queer as Folk,https://www.wikidata.org/wiki/Q23619,Q8668
,TVSeries,Queer as Folk,https://www.wikidata.org/wiki/Q23623,Q6918
,Movie,The Sea Beast,https://www.wikidata.org/wiki/Q111433290,Q6919
,Movie,The Elephant Whisperers,https://www.wikidata.org/wiki/Q115673833,Q6920
,TVSeries,Cunk on Earth,https://www.wikidata.org/wiki/Q116609814,Q6921
,Movie,Archive,https://www.wikidata.org/wiki/Q97103592,Q6922
,Movie,Transformers,https://www.wikidata.org/wiki/Q171453,Q6923
,Movie,Bumblebee,https://www.wikidata.org/wiki/Q34220038,Q6924
,Movie,Men in Black,https://www.wikidata.org/wiki/Q51416,Q6925
,Movie,La Syndicaliste,https://www.wikidata.org/wiki/Q113360807,Q6926
,Movie,Astérix et Obélix : L'Empire du Milieu,https://www.wikidata.org/wiki/Q48758615,Q6927
,Movie,Wet Sand,https://www.wikidata.org/wiki/Q112080133,Q6928
,Movie,Deserto Particular,https://www.wikidata.org/wiki/Q108372078,Q6929
,Movie,Un varón,https://www.wikidata.org/wiki/Q111656828,Q6930
,Movie,Kurak Günler,https://www.wikidata.org/wiki/Q111955137,Q6931
,Movie,Benediction,https://www.wikidata.org/wiki/Q101093410,Q6932
,Movie,Blue Jean,https://www.wikidata.org/wiki/Q113556570,Q6933
,TVSeries,Love on the Spectrum,https://www.wikidata.org/wiki/Q97628048,Q6934
,TVSeries,The Serpent,https://www.wikidata.org/wiki/Q103610353,Q6935
,Movie,Shame,https://www.wikidata.org/wiki/Q909445,Q6936
,Movie,Two Distant Strangers,https://www.wikidata.org/wiki/Q105989074,Q6937
,Movie,O Vendedor de Sonhos,https://www.wikidata.org/wiki/Q94340665,Q6938
,TVSeries,Queen,https://www.wikidata.org/wiki/Q112755793,Q6939
,TVSeries,Live to Lead,https://www.wikidata.org/wiki/Q115859049,Q6940
,Movie,The White Tiger,https://www.wikidata.org/wiki/Q101098258,Q6941
,Movie,Slumdog Millionaire,https://www.wikidata.org/wiki/Q125076,Q6942
,Movie,Spaced Out,https://www.wikidata.org/wiki/Q7572672,Q6943
,Movie,If Anything Happens I Love You,https://www.wikidata.org/wiki/Q102036279,Q6944
,Movie,Knock Down the House,https://www.wikidata.org/wiki/Q61450818,Q6945
,Movie,Girl,https://www.wikidata.org/wiki/Q51843955,Q6946
,Movie,Laurence Anyways,https://www.wikidata.org/wiki/Q2615443,Q6947
,Movie,Hippocrate,https://www.wikidata.org/wiki/Q16641860,Q6948
,Movie,Une famille à louer,https://www.wikidata.org/wiki/Q21009512,Q6949
,Movie,The Land of Steady Habits,https://www.wikidata.org/wiki/Q42947731,Q6950
,TVSeries,Sweet Tooth,https://www.wikidata.org/wiki/Q104762388,Q6951
,Movie,Batman Begins,https://www.wikidata.org/wiki/Q166262,Q6952
,Movie,Minority Report,https://www.wikidata.org/wiki/Q244604,Q6953
,Movie,The Magician's Elephant,https://www.wikidata.org/wiki/Q104880985,Q6954
,Movie,Valérian and the City of a Thousand Planets,https://www.wikidata.org/wiki/Q20926273,Q6955
,Movie,Juste la fin du monde,https://www.wikidata.org/wiki/Q19885882,Q6956
,Movie,Tom à la ferme,https://www.wikidata.org/wiki/Q3530946,Q6957
,Movie,Julieta,https://www.wikidata.org/wiki/Q20026867,Q6958
,Movie,La mala educación,https://www.wikidata.org/wiki/Q844819,Q6959
,Movie,Los Amantes Pasajeros,https://www.wikidata.org/wiki/Q2656108,Q6960
,Movie,Les Crevettes pailletées,https://www.wikidata.org/wiki/Q63644091,Q6961
,Movie,L'Auberge espagnole,https://www.wikidata.org/wiki/Q1365797,Q6962
,Movie,Au cœur du bois,https://www.wikidata.org/wiki/Q117468476,Q6963
,Movie,Vento Seco,https://www.wikidata.org/wiki/Q100506077,Q6964
,Movie,Call Me by Your Name,https://www.wikidata.org/wiki/Q25136757,Q6965
,Movie,"Cassandro, the Exotico!",https://www.wikidata.org/wiki/Q113195830,Q6966
,Movie,Boy Erased,https://www.wikidata.org/wiki/Q39659543,Q6967
,Movie,El cazador,https://www.wikidata.org/wiki/Q98141897,Q6968
,TVSeries,Unnatural Selection,https://www.wikidata.org/wiki/Q72438211,Q6969
,Movie,Becoming,https://www.wikidata.org/wiki/Q94244505,Q6970
,Movie,Cube,https://www.wikidata.org/wiki/Q467840,Q6971
,Movie,Mommy,https://www.wikidata.org/wiki/Q16395232,Q6972
,Movie,Notre Paradis,https://www.wikidata.org/wiki/Q3344775,Q6973
,Movie,Les Choristes,https://www.wikidata.org/wiki/Q721158,Q6974
,Movie,Le Fabuleux Destin d'Amélie Poulain,https://www.wikidata.org/wiki/Q484048,Q6975
,TVSeries,In Treatment,https://www.wikidata.org/wiki/Q1465636,Q6976
,Movie,Frozen,https://www.wikidata.org/wiki/Q246283,Q6977
,Movie,Frozen II,https://www.wikidata.org/wiki/Q24733929,Q6978
,Movie,The Lord of the Rings: The Fellowship of the Ring,https://www.wikidata.org/wiki/Q127367,Q6979
,Movie,The Lord of the Rings: The Two Towers,https://www.wikidata.org/wiki/Q164963,Q6980
,Movie,The Lord of the Rings: The Return of the King,https://www.wikidata.org/wiki/Q131074,Q6981
,Movie,Harry Potter and the Philosopher's Stone,https://www.wikidata.org/wiki/Q102438,Q6400
,Movie,Harry Potter and the Chamber of Secrets,https://www.wikidata.org/wiki/Q102244,Q6982
,Movie,Harry Potter and the Prisoner of Azkaban,https://www.wikidata.org/wiki/Q102448,Q6983
,Movie,Harry Potter and the Goblet of Fire,https://www.wikidata.org/wiki/Q102225,Q6984
,Movie,Harry Potter and the Order of the Phoenix,https://www.wikidata.org/wiki/Q102235,Q6985
,Movie,Harry Potter and the Deathly Hallows – Part 1,https://www.wikidata.org/wiki/Q161678,Q6986
,Movie,Harry Potter and the Deathly Hallows – Part 2,https://www.wikidata.org/wiki/Q232009,Q6987
,Movie,The Hobbit: An Unexpected Journey,https://www.wikidata.org/wiki/Q80379,Q6988
,Movie,The Matrix,https://www.wikidata.org/wiki/Q83495,Q6989
,Movie,The Matrix Reloaded,https://www.wikidata.org/wiki/Q189600,Q6990
,Movie,The Matrix Revolutions,https://www.wikidata.org/wiki/Q207536,Q6991
,Movie,The King's Speech,https://www.wikidata.org/wiki/Q160060,Q6992
,Movie,Inception,https://www.wikidata.org/wiki/Q25188,Q6993
,Movie,Black Swan,https://www.wikidata.org/wiki/Q180214,Q6994
,Movie,Melancholia,https://www.wikidata.org/wiki/Q165699,Q6995
,Movie,Elefante blanco,https://www.wikidata.org/wiki/Q3014230,Q6996
,Movie,The Lunchbox,https://www.wikidata.org/wiki/Q13423399,Q6997
,Movie,The Darjeeling Limited,https://www.wikidata.org/wiki/Q658944,Q6998
,Movie,Gravity,https://www.wikidata.org/wiki/Q2579784,Q6999
,Movie,12 Years a Slave,https://www.wikidata.org/wiki/Q3023357,Q7000
,Movie,Les Misérables,https://www.wikidata.org/wiki/Q63246549,Q7001
,Movie,Her,https://www.wikidata.org/wiki/Q788822,Q7002
,Movie,The Imitation Game,https://www.wikidata.org/wiki/Q14918344,Q7003
,Movie,Ex Machina,https://www.wikidata.org/wiki/Q16635326,Q7004
,Movie,Moonlight,https://www.wikidata.org/wiki/Q21527875,Q7005
,Movie,Rocketman,https://www.wikidata.org/wiki/Q55934795,Q7006
,Movie,Antichrist,https://www.wikidata.org/wiki/Q574998,Q7007
,Movie,Dogville,https://www.wikidata.org/wiki/Q327681,Q7008
,Movie,Juno,https://www.wikidata.org/wiki/Q79503,Q7009
,Movie,Rangeela,https://www.wikidata.org/wiki/Q1587154,Q7010
,Movie,Roja,https://www.wikidata.org/wiki/Q2739153,Q7011
,Movie,Bombay,https://www.wikidata.org/wiki/Q891821,Q7012
,Movie,Raavanan,https://www.wikidata.org/wiki/Q3521744,Q7014
,Movie,Guru,https://www.wikidata.org/wiki/Q1393668,Q7015
,Movie,Lost in Translation,https://www.wikidata.org/wiki/Q107270,Q7016
,Movie,The Pianist,https://www.wikidata.org/wiki/Q150804,Q7017
,Movie,Dancer in the Dark,https://www.wikidata.org/wiki/Q110365,Q7018
,Movie,The Lion King,https://www.wikidata.org/wiki/Q36479,Q7019
,Movie,Life is Beautiful,https://www.wikidata.org/wiki/Q19355,Q7020
,Movie,Stuart Little,https://www.wikidata.org/wiki/Q1048958,Q7021
,Movie,Home Alone,https://www.wikidata.org/wiki/Q105031,Q7022
,Movie,Home Alone 2: Lost in New York,https://www.wikidata.org/wiki/Q221202,Q7023
,Movie,Romeo + Juliet,https://www.wikidata.org/wiki/Q463313,Q7024
,Movie,Aladdin,https://www.wikidata.org/wiki/Q215518,Q7025
,Movie,Titanic,https://www.wikidata.org/wiki/Q44578,Q7026
,Movie,Jurassic Park,https://www.wikidata.org/wiki/Q167726,Q7027
,Movie,The Truman Show,https://www.wikidata.org/wiki/Q214801,Q7028
,Movie,Inferno,https://www.wikidata.org/wiki/Q18192306,Q7029
,Movie,The Chronicles of Narnia: Prince Caspian,https://www.wikidata.org/wiki/Q1211909,Q7030
,TVSeries,Once Upon a Time,https://www.wikidata.org/wiki/Q23673,Q7031
,TVSeries,Qu’est-ce qu’on a fait au Bon Dieu?,https://www.wikidata.org/wiki/Q16671761,Q7032
,Movie,アーヤと魔女,https://www.wikidata.org/wiki/Q96031360,Q7033
,Movie,大鱼海棠,https://www.wikidata.org/wiki/Q10938623,Q7034
,Movie,Ad Astra,https://www.wikidata.org/wiki/Q38774788,Q7035
,TVSeries,Midnight Mass,https://www.wikidata.org/wiki/Q98915688,Q7036
,TVSeries,The Haunting of Bly Manor,https://www.wikidata.org/wiki/Q85807418,Q7037
,TVSeries,Le Mensonge,https://www.wikidata.org/wiki/Q99642636,Q7038
,TVSeries,Man vs. Bee,https://www.wikidata.org/wiki/Q112078154,Q7039
,TVSeries,United States of Tara,https://www.wikidata.org/wiki/Q1247235,Q7040
,TVSeries,Wanderlust,https://www.wikidata.org/wiki/Q48699684,Q7041
,Movie,Awake,https://www.wikidata.org/wiki/Q73547318,Q7042
,Movie,Secrets of the Saqqara Tomb,https://www.wikidata.org/wiki/Q101158497,Q7043
,TVSeries,He-Man and the Masters of the Universe,https://www.wikidata.org/wiki/Q696870,Q7044
,Movie,Nobody Knows I'm Here,https://www.wikidata.org/wiki/Q87545593,Q7045
,TVSeries,Dinosaurs,https://www.wikidata.org/wiki/Q1211977,Q7046
,TVSeries,Tom and Jerry,https://www.wikidata.org/wiki/Q131144,Q7047
,TVSeries,The Jungle Book,https://www.wikidata.org/wiki/Q2296189,Q6437
,TVSeries,Chip 'n Dale Rescue Rangers,https://www.wikidata.org/wiki/Q543203,Q7048
,Movie,The Witcher: Nightmare of the Wolf,https://www.wikidata.org/wiki/Q93096991,Q7049
,TVSeries,The Last Czars,https://www.wikidata.org/wiki/Q65018425,Q7050
,Movie,സി.ഐ.ഡി. മൂസ,https://www.wikidata.org/wiki/Q5006132,Q7051
,Movie,लगान,https://www.wikidata.org/wiki/Q843949,Q7052
,Movie,ആറാം തമ്പുരാൻ,https://www.wikidata.org/wiki/Q14456250,Q7053
,Movie,അറബിക്കഥ,https://www.wikidata.org/wiki/Q4783457,Q7054
,Movie,അയാൾ കഥയെഴുതുകയാണ്,https://www.wikidata.org/wiki/Q13522770,Q7055
,Movie,ഹരികൃഷ്ണൻസ്,https://www.wikidata.org/wiki/Q5657490,Q7056
,TVSeries,शक्तिमान,https://www.wikidata.org/wiki/Q3345441,Q7057
,Movie,പഞ്ചാബി ഹൗസ്,https://www.wikidata.org/wiki/Q7260331,Q7058
,Movie,The Sky is Pink,https://www.wikidata.org/wiki/Q56277682,Q7059
,Movie,നിറം,https://www.wikidata.org/wiki/Q7039877,Q7060
,Movie,പട്ടാഭിഷേകം,https://www.wikidata.org/wiki/Q7148293,Q7061
,Movie,ബാംഗ്ലൂർ ഡെയ്സ്,https://www.wikidata.org/wiki/Q16837651,Q7062
,Movie,హ్యాపీ డేస్,https://www.wikidata.org/wiki/Q5652625,Q7063
,Movie,ഹിറ്റ്‌ലർ,https://www.wikidata.org/wiki/Q16248944,Q7064
,Movie,പപ്പയുടെ സ്വന്തം അപ്പൂസ്,https://www.wikidata.org/wiki/Q7133088,Q7065
,Movie,സന്ദേശം,https://www.wikidata.org/wiki/Q277296,Q7066
,Movie,ചന്ദ്രനുദിക്കുന്ന ദിക്കിൽ,https://www.wikidata.org/wiki/Q5071429,Q7067
,Movie,You've Got Mail,https://www.wikidata.org/wiki/Q284229,Q7069
,TVSeries,Queen Cleopatra,https://www.wikidata.org/wiki/Q118043839,Q7071
,Movie,Homos en France,https://www.wikidata.org/wiki/Q118463740,Q7072
,Movie,Big eyes,https://www.wikidata.org/wiki/Q10858674,Q7073
,Movie,Eldorado: Everything the Nazis Hate,https://www.wikidata.org/wiki/Q120081134,Q7074
,Movie,Synchronic,https://www.wikidata.org/wiki/Q66828798,Q7075
,Movie,King of Clones,https://www.wikidata.org/wiki/Q120042490,Q7076
,Movie,Ratatouille,https://www.wikidata.org/wiki/Q170035,Q7077
,Movie,"Narbonne, la seconde Rome",https://www.wikidata.org/wiki/Q120214690,Q7078
,Movie,Unknown: Killer Robots,https://www.wikidata.org/wiki/Q120647844,Q7079
,Movie,Burned to the Ground,https://www.wikidata.org/wiki/Q120801410,Q7080
,Movie,Blade Runner 2049,https://www.wikidata.org/wiki/Q21500755,Q7081
,Movie,Unknown: Cave of Bones,https://www.wikidata.org/wiki/Q120802787,Q7082
,Movie,La Petite Sirène,https://www.wikidata.org/wiki/Q24357415,Q7083
,Movie,Barbie,https://www.wikidata.org/wiki/Q55436290,Q7084
,TVSeries,RuPaul's Drag Race,https://www.wikidata.org/wiki/Q169844,Q7085
,TVSeries,RuPaul's Drag Race All Stars,https://www.wikidata.org/wiki/Q26727256,Q7086
,TVSeries,Drag Race France,https://www.wikidata.org/wiki/Q109616588,Q7087
,Movie,Unknown: Cosmic Time Machine,https://www.wikidata.org/wiki/Q120878288,Q7088
,Movie,Paradise,https://www.wikidata.org/wiki/Q120969130,Q7089
,Movie,Premier de corvée,https://www.wikidata.org/wiki/Q120969221,Q7090
,Movie,Bird Box Barcelona,https://www.wikidata.org/wiki/Q118313105,Q7091
,Movie,They Cloned Tyrone,https://www.wikidata.org/wiki/Q104902025,Q7092
,Movie,Été 85,https://www.wikidata.org/wiki/Q85855063,Q7093
,Movie,Oppenheimer,https://www.wikidata.org/wiki/Q108839994,Q7094
,Movie,Grace à Dieu,https://www.wikidata.org/wiki/Q60169300,Q7095
,Movie,Un amour discret,https://www.wikidata.org/wiki/Q120864529,Q7096
,Movie,Il filo invisibile,https://www.wikidata.org/wiki/Q111129562,Q7097
,TVSeries,Painkiller,https://www.wikidata.org/wiki/Q111165903,Q7098
,Movie,Dancing Queens,https://www.wikidata.org/wiki/Q107141509,Q7099
,Movie,Nowy Świat,https://www.wikidata.org/wiki/Q121747312,Q7100
,TVSeries,Les voyages de Nicky,https://www.wikidata.org/wiki/Q122368055,Q7101
,Movie,Poison,https://www.wikidata.org/wiki/Q122961293,Q7102
,Movie,Mindscape,https://www.wikidata.org/wiki/Q3277324,Q7103
,Movie,Old Dads,https://www.wikidata.org/wiki/Q114363887,Q7104
,Movie,The Talented Mr. Ripley,https://www.wikidata.org/wiki/Q390052,Q7105
,Movie,Vjeran Tomic : L'homme-araignée de Paris,https://www.wikidata.org/wiki/Q123153896,Q7106
,Movie,Tom Boy,https://www.wikidata.org/wiki/Q926083,Q7107
,Movie,The Swan,https://www.wikidata.org/wiki/Q122580387,Q7108
,Movie,The Rat Catcher,https://www.wikidata.org/wiki/Q122581287,Q7109
,Movie,The Wonderful Story of Henry Sugar,https://www.wikidata.org/wiki/Q110519496,Q7110
,Movie,Volver,https://www.wikidata.org/wiki/Q209667,Q7111
,Movie,Todo sobre mi madre,https://www.wikidata.org/wiki/Q329805,Q7112
,Movie,La piel que habito,https://www.wikidata.org/wiki/Q1130310,Q7113
,Movie,Hable con ella,https://www.wikidata.org/wiki/Q478780,Q7114
,Movie,The After,https://www.wikidata.org/wiki/Q123247695,Q7115
,Movie,Pain Hustlers,https://www.wikidata.org/wiki/Q113685772,Q7116
,Movie,Downsizing,https://www.wikidata.org/wiki/Q22075017,Q7117
,TVSeries,Mysteries of the Faith,https://www.wikidata.org/wiki/Q123271844,Q7118
,TVSeries,Encounters,https://www.wikidata.org/wiki/Q122578946,Q7119
,Movie,Nuovo Olimpo,https://www.wikidata.org/wiki/Q116770614,Q7120
,Movie,Nope,https://www.wikidata.org/wiki/Q107176162,Q7121
,TVSeries,Tore,https://www.wikidata.org/wiki/Q116278205,Q7122
,Movie,Sky Ladder: The Art of Cai Guo-Qiang,https://www.wikidata.org/wiki/Q24660088,Q7123
,Movie,Matilda,https://www.wikidata.org/wiki/Q280400,Q7124
,TVSeries,Bodies,https://www.wikidata.org/wiki/Q115516990,Q7125
,Movie,Rustin,https://www.wikidata.org/wiki/Q109559532,Q7126
,Movie,The Dads,https://www.wikidata.org/wiki/Q123484459,Q7127
,Movie,Stamped from the Beginning,https://www.wikidata.org/wiki/Q54489003,Q7128
,Movie,La sociedad de la nieve,https://www.wikidata.org/wiki/Q112252419,Q7129
,Movie,The Scandalous Four,https://www.wikidata.org/wiki/Q114827944,Q7130
,Movie,Klaus,https://www.wikidata.org/wiki/Q67208596,Q7131
,Movie,Scrooge: A Christmas Carol,https://www.wikidata.org/wiki/Q115091011,Q7132
,Movie,Chicken Run: Dawn of the Nugget,https://www.wikidata.org/wiki/Q60836051,Q7133
,Movie,A Bigger Splash,https://www.wikidata.org/wiki/Q2819650,Q7134
,Movie,The Grinch,https://www.wikidata.org/wiki/Q15632949,Q7135
,Movie,Maestro,https://www.wikidata.org/wiki/Q111907282,Q7136
,Movie,Leave the World Behind,https://www.wikidata.org/wiki/Q111670916,Q7137
,Movie,Pearl Harbor,https://www.wikidata.org/wiki/Q194413,Q7138
,Movie,Scusate se esisto!,https://www.wikidata.org/wiki/Q18402581,Q7139
,Movie,Cloud Atlas,https://www.wikidata.org/wiki/Q28936,Q7140
,Movie,Armageddon,https://www.wikidata.org/wiki/Q208344,Q7141
,Movie,The Fifth Element,https://www.wikidata.org/wiki/Q106506,Q7142
,Movie,Rebel Moon — Part One: A Child of Fire,https://www.wikidata.org/wiki/Q111629600,Q7143
,Movie,FernGully: The Last Rainforest,https://www.wikidata.org/wiki/Q240852,Q7144
,Movie,Sophie Scholl - Die letzten Tage,https://www.wikidata.org/wiki/Q311626,Q7145
,Movie,Mamma Mia!,https://www.wikidata.org/wiki/Q188850,Q7146
,Movie,Mamma Mia! Here We Go Again,https://www.wikidata.org/wiki/Q36951175,Q7147
,Movie,Unsterbliches Pompeji,https://www.wikidata.org/wiki/Q124154487,Q7148
,Movie,Conversaciones con Renzo Piano,https://www.wikidata.org/wiki/Q124154502,Q7149
,Movie,Good Grief,https://www.wikidata.org/wiki/Q115803473,Q7150
,Movie,Bros,https://www.wikidata.org/wiki/Q110863967,Q7151
,TVSeries,Carol & The End of the World,https://www.wikidata.org/wiki/Q123400770,Q7152
,Movie,Doi Boy,https://www.wikidata.org/wiki/Q123537128,Q7153
,TVSeries,Alexander: The Making of a God,https://www.wikidata.org/wiki/Q124409770,Q7154
,Movie,The Black Saint,https://www.wikidata.org/wiki/Q124499163,Q7155
,Movie,Orion and The Dark,https://www.wikidata.org/wiki/Q119455303,Q7156
,Movie,"Love, Simon",https://www.wikidata.org/wiki/Q29169280,Q7157
,Movie,Minions,https://www.wikidata.org/wiki/Q13619743,Q7158
,Movie,Nimona,https://www.wikidata.org/wiki/Q111165179,Q7159
,Movie,Tough Boats: Journey Down the Nile,https://www.wikidata.org/wiki/Q124678595,Q7160
,Movie,Code 8,https://www.wikidata.org/wiki/Q29832591,Q7161
,Movie,Code 8: Part II,https://www.wikidata.org/wiki/Q109510969,Q7162
,Movie,Circle,https://www.wikidata.org/wiki/Q21198138,Q7163
,Movie,Happy Together,https://www.wikidata.org/wiki/Q1204213,Q7164
,Movie,Fainéant.e.s,https://www.wikidata.org/wiki/Q124811750,Q7165
,Movie,Wild Side,https://www.wikidata.org/wiki/Q2630299,Q7166
,Movie,New York City Inferno,https://www.wikidata.org/wiki/Q30738154,Q7167
,Movie,Cruising,https://www.wikidata.org/wiki/Q952511,Q7168
,Movie,Eismayer,https://www.wikidata.org/wiki/Q113283792,Q7169
,TVSeries,Supersex,https://www.wikidata.org/wiki/Q123024873,Q7170
,TVSeries,It's a Sin,https://www.wikidata.org/wiki/Q104630896,Q7171
,Movie,See You Yesterday,https://www.wikidata.org/wiki/Q63235490,Q7172
,TVSeries,3 Body Problem,https://www.wikidata.org/wiki/Q110652727,Q7173
,Movie,M3GAN,https://www.wikidata.org/wiki/Q110661062,Q7174
,Movie,Shirley,https://www.wikidata.org/wiki/Q113319986,Q7175
,TVSeries,Crime Scene Berlin: Nightlife Killer,https://www.wikidata.org/wiki/Q125569539,Q7176
,TVSeries,Baby Reindeer,https://www.wikidata.org/wiki/Q115516641,Q7177
,Movie,Madres paralelas,https://www.wikidata.org/wiki/Q106103421,Q7178
,Movie,Rebel Moon — Part Two: The Scargiver,https://www.wikidata.org/wiki/Q121741971,Q7179
,Movie,Creating a Universe - The Making of Rebel Moon,https://www.wikidata.org/wiki/Q125669726,Q7180
,Movie,Our Living World,https://www.wikidata.org/wiki/Q125506578,Q7181
,TVSeries,Only Murders in the Building,https://www.wikidata.org/wiki/Q104007235,Q7182
,Movie,Tom & Jerry,https://www.wikidata.org/wiki/Q65921361,Q7183
,Movie,Time Trap,https://www.wikidata.org/wiki/Q60737767,Q7184
,Movie,Outstanding: A Comedy Revolution,https://www.wikidata.org/wiki/Q126890057,Q7185
,Movie,Hannah Gadsby's Gender Agenda,https://www.wikidata.org/wiki/Q126891508,Q7186
,Movie,Brokeback Mountain,https://www.wikidata.org/wiki/Q2699263,Q7187
,Movie,Atlas,https://www.wikidata.org/wiki/Q115474889,Q7188
,Movie,Risen,https://www.wikidata.org/wiki/Q18202491,Q7189
,TVSeries,Secret World of Sound,https://www.wikidata.org/wiki/Q129172076,Q7190
,Movie,Biônicos,https://www.wikidata.org/wiki/Q125986111,Q7191
,Movie,Reminiscence,https://www.wikidata.org/wiki/Q81207836,Q7192
,Movie,Spaceman,https://www.wikidata.org/wiki/Q107175474,Q7193
,Movie,Uglies,https://www.wikidata.org/wiki/Q111945633,Q7194
,Movie,Spiderhead,https://www.wikidata.org/wiki/Q104094034,Q7195
,TVSeries,Monsters: The Lyle and Erik Menendez Story,https://www.wikidata.org/wiki/Q118132027,Q7196
,Movie,Dune,https://www.wikidata.org/wiki/Q60834962,Q7197
,Movie,The Platform 2,https://www.wikidata.org/wiki/Q124651039,Q7198
,Movie,The Predator,https://www.wikidata.org/wiki/Q25461297,Q7199
,Movie,Don't Move,https://www.wikidata.org/wiki/Q121555343,Q7200
,Movie,Secrets of the Neanderthals,https://www.wikidata.org/wiki/Q125600569,Q7201
,Movie,Woman of the Hour,https://www.wikidata.org/wiki/Q116257424,Q7202
,Movie,Everything Everywhere All at Once,https://www.wikidata.org/wiki/Q83808444,Q7203
,Movie,"Homo Futurus, the Inside Story",https://www.wikidata.org/wiki/Q130739445,Q7204
,Movie,Survival of the Fabulous,https://www.wikidata.org/wiki/Q130743784,Q7205
,Movie,Spoiler Alert,https://www.wikidata.org/wiki/Q111939316,Q7206
,Movie,Bittersweet Days,https://www.wikidata.org/wiki/Q131317943,Q7207
,Movie,"Ruby Gillman, Teenage Kraken",https://www.wikidata.org/wiki/Q117188308,Q7208
,Movie,Gladiator II,https://www.wikidata.org/wiki/Q115789958,Q7209
,Movie,Wicked,https://www.wikidata.org/wiki/Q24797403,Q7210
,Movie,The Merry Gentlemen,https://www.wikidata.org/wiki/Q130479614,Q7211
,Movie,Salir del ropero,https://www.wikidata.org/wiki/Q101046574,Q7212
,Movie,Stand Out: An LGBTQ+ Celebration,https://www.wikidata.org/wiki/Q119411072,Q7213
,Movie,La scuola cattolica,https://www.wikidata.org/wiki/Q108672811,Q7214
,Movie,Elite: Short Stories,https://www.wikidata.org/wiki/Q107017613,Q7215
,Movie,Zona Rosa,https://www.wikidata.org/wiki/Q131906751,Q7216
,Movie,The Dreamlife of Georgie Stone,https://www.wikidata.org/wiki/Q125376383,Q7217
,Movie,Ostinato,https://www.wikidata.org/wiki/Q131907255,Q7218
,Movie,Shaun the Sheep: The Flight Before Christmas,https://www.wikidata.org/wiki/Q115326239,Q7219
,Movie,Fall,https://www.wikidata.org/wiki/Q113470320,Q7220
,Movie,Sing2,https://www.wikidata.org/wiki/Q30933418,Q7221
,Movie,Sing,https://www.wikidata.org/wiki/Q20762698,Q7222
,Movie,Silent,https://www.wikidata.org/wiki/Q46932451,Q7223
,Movie,Robin Robin,https://www.wikidata.org/wiki/Q109255839,Q7224
,Movie,Cunk on Life,https://www.wikidata.org/wiki/Q131424485,Q7225
,PodcastSeries,Pédés : réinventer le monde,https://www.wikidata.org/wiki/Q131700994,Q7226
,PodcastSeries,Monster Hunter: Legends of the Guild,https://www.wikidata.org/wiki/Q107611495,Q7227
,Movie,Le Voyage dans la Lune,https://www.wikidata.org/wiki/Q244971,Q7228
,Movie,"Dante, la divine politique",https://www.wikidata.org/wiki/Q132732504,Q7229
,Movie,Queer,https://www.wikidata.org/wiki/Q116771681,Q7230
,Movie,Tacones lejanos,https://www.wikidata.org/wiki/Q650043,Q7231
,Movie,Fuga,https://www.wikidata.org/wiki/Q131567035,Q7232
,Movie,Langue Étrangère,https://www.wikidata.org/wiki/Q124335053,Q7233
,Movie,Cabo Negro,https://www.wikidata.org/wiki/Q130461592,Q7234
,Movie,Il vangelo secondo Matteo,https://www.wikidata.org/wiki/Q1167120,Q7235
,Movie,Sebastian,https://www.wikidata.org/wiki/Q123764116,Q7236
,Movie,I’m not Everything I Want to Be,https://www.wikidata.org/wiki/Q123976167,Q7237
,Movie,The Electric State,https://www.wikidata.org/wiki/Q114492769,Q7238
,Movie,"Habibi, chanson pour mes ami.e.s",https://www.wikidata.org/wiki/Q130463233,Q7239
,Movie,Ne jamais s'arrêter de crier,https://www.wikidata.org/wiki/Q133478251,Q7240
,Movie,Baba,https://www.wikidata.org/wiki/Q133479004,Q7241
,Movie,Migration,https://www.wikidata.org/wiki/Q117457809,Q7242
,Movie,Les maîtres de Rome,https://www.wikidata.org/wiki/Q133466093,Q7243
,Movie,"Mary Cassatt, peintre impressionniste",https://www.wikidata.org/wiki/Q133466205,Q7244
,Movie,Pierre-Auguste Renoir,https://www.wikidata.org/wiki/Q133466294,Q7245
,Movie,De Cimabue à Giotto,https://www.wikidata.org/wiki/Q133465877,Q7246
,Movie,Nous les prochains,https://www.wikidata.org/wiki/Q133306396,Q7247
,TVSeries,Adolescence,https://www.wikidata.org/wiki/Q127774333,Q7248
,Movie,"Suzanne Valadon, peintre sans concession",https://www.wikidata.org/wiki/Q133733874,Q7249
,Movie,Caspar David Friedrich - Peindre l'infini,https://www.wikidata.org/wiki/Q133734245,Q7250
,Movie,Avec toi pour toujours,https://www.wikidata.org/wiki/Q133862033,Q7251
,Movie,Mort par crucifixion,https://www.wikidata.org/wiki/Q133861985,Q7252
,Movie,Le phénomène Godlywood : quand l'Église fait son cinéma,https://www.wikidata.org/wiki/Q133861966,Q7253
,TVSeries,Léonard de Vinci,https://www.wikidata.org/wiki/Q133964480,Q7254
,Movie,"Vatican, la cité qui voulait devenir éternelle",https://www.wikidata.org/wiki/Q134005946,Q7255
,Movie,All in My Family,https://www.wikidata.org/wiki/Q63686504,Q7256
,Movie,Joy,https://www.wikidata.org/wiki/Q122871547,Q7257
,TVSeries,Temples de la culture - Une valeur ajoutée pour les villes,https://www.wikidata.org/wiki/Q134127216,Q7258
,Movie,Gabriele Münter - Pionnière de l'art moderne,https://www.wikidata.org/wiki/Q134126109,Q7259
,Movie,"Karl Schmidt-Rottluff, peintre expressionniste et rebelle",https://www.wikidata.org/wiki/Q134100498,Q7260
,Movie,"Pissarro, le père de l'impressionnisme",https://www.wikidata.org/wiki/Q134087822,Q7261
,Movie,Moi ! Moi ! Moi ! Les artistes sont-ils narcissiques ?,https://www.wikidata.org/wiki/Q134168641,Q8651
,Movie,Caravage : un chef-d'oeuvre sort de l'ombre,https://www.wikidata.org/wiki/Q134223178,Q7262
,Movie,Play it Again! La répétition musicale,https://www.wikidata.org/wiki/Q134224554,Q7263
,Movie,Chacun Chez Soi,https://www.wikidata.org/wiki/Q103738993,Q7264
,Movie,"Crime et peinture à l’âge baroque - L’affaire Artemisia
                            Gentileschi",https://www.wikidata.org/wiki/Q134297260,Q7265
,Movie,"""Salvator Mundi"" ou la folle ascension d’un tableau",https://www.wikidata.org/wiki/Q134305141,Q8652
,Movie,For Years to Come,https://www.wikidata.org/wiki/Q134313429,Q7267
,Movie,L'avenir de la musique,https://www.wikidata.org/wiki/Q134313870,Q7268
,TVSeries,"Ville.Climat.Durabilité - Voyage dans le futur de la
                            construction",https://www.wikidata.org/wiki/Q134347292,Q7269
,Movie,En chair et en nu - Une histoire de la sculpture,https://www.wikidata.org/wiki/Q134653334,Q7270
,Movie,Le visage dans l’art : portraits et autoportraits de femmes,https://www.wikidata.org/wiki/Q134652378,Q7271
,TVSeries,Lost Boys & Fairies,https://www.wikidata.org/wiki/Q125988993,Q7272
,Movie,"Monuments Sacrés - Églises, la quête de la lumière",https://www.wikidata.org/wiki/Q134732296,Q7273
,Movie,"David Hockney, le temps retrouvé",https://www.wikidata.org/wiki/Q134732270,Q7274
,Movie,Évanouis,https://www.wikidata.org/wiki/Q126487478,Q7275
,Movie,Homem com H,https://www.wikidata.org/wiki/Q132778669,Q7276
,Movie,"Le Petit Prince, naissance d'une étoile",https://www.wikidata.org/wiki/Q125584547,Q7277
,Movie,Long Story Short,https://www.wikidata.org/wiki/Q134427756,Q7278
,Movie,Boots,https://www.wikidata.org/wiki/Q135993124,Q7279
,TVSeries,Arcane: League of Legends,https://www.wikidata.org/wiki/Q85518571,Q7280
,Movie,"Homos en politique, le dire ou pas ?",https://www.wikidata.org/wiki/Q136659377,Q7281
,Movie,Frankenstein,https://www.wikidata.org/wiki/Q124393045,Q7282
,Movie,Devenir Lucky Love,https://www.wikidata.org/wiki/Q136800855,Q7283
,Movie,Wicked: For Good,https://www.wikidata.org/wiki/Q114817050,Q7284
,Movie,Le bataillon sacré de Thèbes : les autres 300,https://www.wikidata.org/wiki/Q136937769,Q7285
,Movie,M. C. Escher - L'explorateur de l'infini,https://www.wikidata.org/wiki/Q136959281,Q7286
,Movie,"Nicolas de Staël, la peinture à vif",https://www.wikidata.org/wiki/Q137205489,Q7287
,Movie,Bellotto alias Canaletto,https://www.wikidata.org/wiki/Q137205443,Q7288
,Movie,"Henri Matisse, peindre de nouveaux horizons",https://www.wikidata.org/wiki/Q137168474,Q7289
,Movie,Goodbye June,https://www.wikidata.org/wiki/Q133311073,Q7290
,Movie,Angela's Christmas,https://www.wikidata.org/wiki/Q59385587,Q7291
,Movie,Angela's Christmas Wish,https://www.wikidata.org/wiki/Q103791249,Q7292
,Movie,That Christmas,https://www.wikidata.org/wiki/Q112726939,Q7293
,Movie,Alien Xmas,https://www.wikidata.org/wiki/Q102396311,Q7294
,Movie,Forgive Us Our Trespasses,https://www.wikidata.org/wiki/Q111010055,Q7295
,Movie,Flashback,https://www.wikidata.org/wiki/Q123151594,Q7296
,Movie,Avicii – My Last Show,https://www.wikidata.org/wiki/Q131256117,Q7297
,Movie,Freddie Mercury: The Great Pretender,https://www.wikidata.org/wiki/Q5496764,Q7298
,Movie,"Rihanna, ambassadrice pop",https://www.wikidata.org/wiki/Q138301947,Q7299
,Movie,L’algorithme de l’amour,https://www.wikidata.org/wiki/Q138301985,Q7300
,Movie,I Wish You Had Told Me,https://www.wikidata.org/wiki/Q137860064,Q7301
,Movie,Le son des souvenirs,https://www.wikidata.org/wiki/Q118765520,Q7302
,Movie,This is I,https://www.wikidata.org/wiki/Q138299163,Q7303
